country,city,hotel_name,hotel_address
Italy,Milan,Admiral Hotel,Via Domodossola 16 Fiera Milano City 20145 Milan Italy
Italy,Milan,Antares Hotel Rubens,Via Rubens 21 San Siro 20148 Milan Italy
Italy,Milan,Armani Hotel Milano,Via Manzoni 31 Milan City Center 20121 Milan Italy
Italy,Milan,Baglioni Hotel Carlton The Leading Hotels of the World,Via Senato 5 Milan City Center 20121 Milan Italy
Italy,Milan,Barcel Milan,Via Giorgio Stephenson 55 20157 Milan Italy
Italy,Milan,Best Western Antares Hotel Concorde,Viale Monza 132 Distretto Viale Monza 20127 Milan Italy
Italy,Milan,Best Western Atlantic Hotel,Via Napo Torriani 24 Central Station 20124 Milan Italy
Italy,Milan,Best Western Hotel Mirage,Viale Certosa 104 106 Certosa 20156 Milan Italy
Italy,Milan,Best Western Madison Hotel,Via Privata Leopoldo Gasparotto 8 Central Station 20124 Milan Italy
Italy,Milan,Best Western Plus Hotel Galles,Piazza Lima 2 Central Station 20124 Milan Italy
Italy,Milan,Bianca Maria Palace Hotel,Viale Bianca Maria 4 Milan City Center 20129 Milan Italy
Italy,Milan,Brunelleschi Hotel,Via Baracchini 12 Milan City Center 20123 Milan Italy
Italy,Milan,Carlyle Brera Hotel,Corso Garibaldi 84 Milan City Center 20121 Milan Italy
Italy,Milan,Colombia,Via Roberto Lepetit 15 Central Station 20124 Milan Italy
Italy,Milan,Excelsior Hotel Gallia Luxury Collection Hotel,Piazza Duca D Aosta 9 Central Station 20124 Milan Italy
Italy,Milan,Four Seasons Hotel Milano,Via Ges 6 8 Milan City Center 20121 Milan Italy
Italy,Milan,Glam Milano,Piazza Duca D Aosta 4 6 Central Station 20124 Milan Italy
Italy,Milan,Hilton Garden Inn Milan North,Via Lucio Giunio Columella 36 Distretto Viale Monza 20128 Milan Italy
Italy,Milan,Hilton Milan,Via Luigi Galvani 12 Central Station 20124 Milan Italy
Italy,Milan,Hotel Auriga,Via G B Pirelli 7 Central Station 20124 Milan Italy
Italy,Milan,Hotel Berna,Via Napo Torriani 18 Central Station 20124 Milan Italy
Italy,Milan,Hotel Carrobbio,Via Medici 3 Milan City Center 20123 Milan Italy
Italy,Milan,Hotel Cavour,Via Fatebenefratelli 21 Milan City Center 20121 Milan Italy
Italy,Milan,Hotel Crivi s,Corso di Porta Vigentina 46 Milan City Center 20122 Milan Italy
Italy,Milan,Hotel Da Vinci,Via Senigallia 6 20161 Milan Italy
Italy,Milan,Hotel Dei Cavalieri,Piazza Giuseppe Missori 1 Milan City Center 20123 Milan Italy
Italy,Milan,Hotel Galileo,Corso Europa 9 Milan City Center 20122 Milan Italy
Italy,Milan,Hotel Liberty,Viale Bligny 56 Milan City Center 20136 Milan Italy
Italy,Milan,Hotel Manzoni,Via Santo Spirito 20 Milan City Center 20121 Milan Italy
Italy,Milan,Hotel Marconi,Via Fabio Filzi 3 Central Station 20124 Milan Italy
Italy,Milan,Hotel Mediolanum,Via Mauro Macchi 1 Central Station 20124 Milan Italy
Italy,Milan,Hotel Mercure Milano Centro,Piazza Oberdan 12 Milan City Center 20129 Milan Italy
Italy,Milan,Hotel Michelangelo,Piazza Luigi di Savoia 6 Central Station 20124 Milan Italy
Italy,Milan,Hotel Milano Scala,Via dell Orso 7 Milan City Center 20121 Milan Italy
Italy,Milan,Hotel Mozart,Piazza Gerusalemme 6 Sempione 20154 Milan Italy
Italy,Milan,Hotel Pierre Milano,Via De Amicis 32 Milan City Center 20123 Milan Italy
Italy,Milan,Hotel Principe Di Savoia,Piazza Della Repubblica 17 Central Station 20124 Milan Italy
Italy,Milan,Hotel Romana Residence,Corso di Porta Romana 64 Milan City Center 20122 Milan Italy
Italy,Milan,Hotel Santa Marta Suites,Via Santa Marta 4 Milan City Center 20123 Milan Italy
Italy,Milan,Hotel Spadari Al Duomo,Via Spadari 11 Milan City Center 20123 Milan Italy
Italy,Milan,Hotel Tiziano Park Vita Parcour Gruppo MiniHotels,Via Tiziano 6 Fiera Milano City 20145 Milan Italy
Italy,Milan,Hotel VIU Milan,6 Via Aristotile Fioravanti Garibaldi Station 20154 Milan Italy
Italy,Milan,Hotel degli Arcimboldi,Viale Sarca 336 Bicocca Zara 20125 Milan Italy
Italy,Milan,IH Hotels Milano Ambasciatori,Galleria Del Corso 3 Milan City Center 20122 Milan Italy
Italy,Milan,IH Hotels Milano Gioia,Via della Giustizia 10 D Bicocca Zara 20125 Milan Italy
Italy,Milan,IH Hotels Milano Puccini,Corso Buenos Aires 33 Central Station 20124 Milan Italy
Italy,Milan,IH Hotels Milano Watt 13,Via Giacomo Watt 13 Famagosta 20143 Milan Italy
Italy,Milan,Idea Hotel Milano San Siro,Via Gaetano Airaghi 125 20153 Milan Italy
Italy,Milan,Leonardo Hotel Milan City Center,Via Messina 10 Sempione 20154 Milan Italy
Italy,Milan,ME Milan Il Duca,Piazza della Repubblica 13 Central Station 20124 Milan Italy
Italy,Milan,Maison Borella,Alzaia Naviglio Grande 8 Navigli 20144 Milan Italy
Italy,Milan,NH Collection Milano President,Largo Augusto 10 Milan City Center 20122 Milan Italy
Italy,Milan,NH Milano Machiavelli,Via Lazzaretto 5 Central Station 20124 Milan Italy
Italy,Milan,NH Milano Touring,Via Tarchetti 2 Milan City Center 20121 Milan Italy
Italy,Milan,Qualys Hotel Nasco,Corso Sempione 69 Fiera Milano City 20149 Milan Italy
Italy,Milan,Radisson Blu Hotel Milan,Via Villapizzone 24 Certosa 20156 Milan Italy
Italy,Milan,Room Mate Giulia,Silvio Pellico 4 Milan City Center 20121 Milan Italy
Italy,Milan,Rosa Grand Milano Starhotels Collezione,Piazza Fontana 3 Milan City Center 20122 Milan Italy
Italy,Milan,STRAF a Member of Design Hotels ,Via San Raffaele 3 Milan City Center 20121 Milan Italy
Italy,Milan,Sina De La Ville,Via Hoepli 6 Milan City Center 20121 Milan Italy
Italy,Milan,Sina The Gray,Via San Raffaele 6 Milan City Center 20121 Milan Italy
Italy,Milan,Starhotels Anderson,Piazza Luigi di Savoia 20 Central Station 20124 Milan Italy
Italy,Milan,Starhotels Business Palace,Via Pietro Gaggia 3 Ripamonti Corvetto 20139 Milan Italy
Italy,Milan,Starhotels Echo,Viale Andrea Doria 4 Central Station 20124 Milan Italy
Italy,Milan,Starhotels Tourist,Viale Fulvio Testi 300 Bicocca Zara 20126 Milan Italy
Italy,Milan,The Hub Hotel,Via Privata Polonia 10 20157 Milan Italy
Italy,Milan,The Square Milano Duomo,Via Albricci 2 4 Milan City Center 20122 Milan Italy
Italy,Milan,The Westin Palace,Piazza della Repubblica 20 Central Station 20124 Milan Italy
Italy,Milan,TownHouse Duomo,Via Silvio Pellico 2 Milan City Center 20121 Milan Italy
Italy,Milan,UNA Hotel Cusani,Via Cusani 13 Milan City Center 20121 Milan Italy
Italy,Milan,Uptown Palace,Via Santa Sofia 10 Milan City Center 20122 Milan Italy
Italy,Milan,Worldhotel Cristoforo Colombo,Corso Buenos Aires 3 Milan City Center 20124 Milan Italy
Netherlands,Amsterdam,Amadi Panorama Hotel,Ijburglaan 539 Zeeburg 1087 BE Amsterdam Netherlands
Netherlands,Amsterdam,Amadi Park Hotel,Eerste Constantijn huygensstraat 26G Oud West 1054 BR Amsterdam Netherlands
Netherlands,Amsterdam,Ambassade Hotel,Herengracht 341 Amsterdam City Center 1016 AZ Amsterdam Netherlands
Netherlands,Amsterdam,Amsterdam Marriott Hotel,Stadhouderskade 12 Oud West 1054 ES Amsterdam Netherlands
Netherlands,Amsterdam,Apollo Hotel Amsterdam,Apollolaan 2 Oud Zuid 1077 BA Amsterdam Netherlands
Netherlands,Amsterdam,Banks Mansion All Inclusive Hotel,Herengracht 519 525 Amsterdam City Center 1017 BV Amsterdam Netherlands
Netherlands,Amsterdam,Best Western Blue Tower Hotel,Leeuwendalersweg 21 Bos en Lommer 1055 JE Amsterdam Netherlands
Netherlands,Amsterdam,Best Western Delphi Hotel,Apollolaan 101 105 Oud Zuid 1077 AN Amsterdam Netherlands
Netherlands,Amsterdam,Best Western Plus Hotel Blue Square,Slotermeerlaan 80 Geuzenveld Slotermeer 1064 HD Amsterdam Netherlands
Netherlands,Amsterdam,Best Western Premier Hotel Couture,Delflandlaan 15 Slotervaart 1062 EA Amsterdam Netherlands
Netherlands,Amsterdam,Bilderberg Garden Hotel,Dijsselhofplantsoen 7 Oud Zuid 1077 BJ Amsterdam Netherlands
Netherlands,Amsterdam,Bilderberg Hotel Jan Luyken,Jan Luykenstraat 58 Oud Zuid 1071 CS Amsterdam Netherlands
Netherlands,Amsterdam,Boutique Hotel Notting Hill,Westeinde 26 Amsterdam City Center 1017 ZP Amsterdam Netherlands
Netherlands,Amsterdam,Chasse Hotel,Chassestraat 62 64 De Baarsjes 1057 JJ Amsterdam Netherlands
Netherlands,Amsterdam,Conservatorium Hotel,Van Baerlestraat 27 Oud Zuid 1071 AN Amsterdam Netherlands
Netherlands,Amsterdam,Corendon Vitality Hotel Amsterdam,Aletta Jacobslaan 7 Slotervaart 1066 BP Amsterdam Netherlands
Netherlands,Amsterdam,Courtyard by Marriott Amsterdam Arena Atlas,Hoogoorddreef 1 Zuidoost 1101 BA Amsterdam Netherlands
Netherlands,Amsterdam,Crowne Plaza Amsterdam South,George Gershwinlaan 101 Zuideramstel 1082 MT Amsterdam Netherlands
Netherlands,Amsterdam,De L Europe Amsterdam,Nieuwe Doelenstraat 2 14 Amsterdam City Center 1012 CP Amsterdam Netherlands
Netherlands,Amsterdam,Dikker en Thijs Fenice Hotel,Prinsengracht 444 Amsterdam City Center 1017 KE Amsterdam Netherlands
Netherlands,Amsterdam,DoubleTree by Hilton Amsterdam Centraal Station,Oosterdoksstraat 4 Amsterdam City Center 1011 DK Amsterdam Netherlands
Netherlands,Amsterdam,DoubleTree by Hilton Hotel Amsterdam NDSM Wharf,Ndsm Plein 28 Amsterdam Noord 1033 WB Amsterdam Netherlands
Netherlands,Amsterdam,Dutch Design Hotel Artemis,John M Keynesplein 2 Slotervaart 1066 EP Amsterdam Netherlands
Netherlands,Amsterdam,Element Amsterdam,Arend Janszoon Ernststraat 577 Zuideramstel 1082 LD Amsterdam Netherlands
Netherlands,Amsterdam,Fletcher Hotel Amsterdam,Schepenbergweg 50 Zuidoost 1105 AT Amsterdam Netherlands
Netherlands,Amsterdam,Golden Tulip Amsterdam Riverside,Provincialeweg 38 Zuidoost 1108 AB Amsterdam Netherlands
Netherlands,Amsterdam,Golden Tulip Amsterdam West,Molenwerf 1 1014 AG Amsterdam Netherlands
Netherlands,Amsterdam,Grand Hotel Amr th Amsterdam,Prins Hendrikkade 108 Amsterdam City Center 1011 AK Amsterdam Netherlands
Netherlands,Amsterdam,Grand Hotel Downtown,Eerste Constantijn Huygensstraat 10A Oud West 1054 BR Amsterdam Netherlands
Netherlands,Amsterdam,Hampshire Hotel Amsterdam American,Leidsekade 97 Amsterdam City Center 1017 PN Amsterdam Netherlands
Netherlands,Amsterdam,Hampshire Hotel Rembrandt Square Amsterdam,Amstelstraat 17 Amsterdam City Center 1017 DA Amsterdam Netherlands
Netherlands,Amsterdam,Hampshire Hotel The Manor Amsterdam,Linnaeusstraat 89 Oost 1093 EK Amsterdam Netherlands
Netherlands,Amsterdam,Hampton by Hilton Amsterdam Centre East,Panama Laan 188 196 Zeeburg 1019 AZ Amsterdam Netherlands
Netherlands,Amsterdam,Hilton Amsterdam,Apollolaan 138 Oud Zuid 1077 BG Amsterdam Netherlands
Netherlands,Amsterdam,Holiday Inn Amsterdam,De Boelelaan 2 Zuideramstel 1083 HJ Amsterdam Netherlands
Netherlands,Amsterdam,Holiday Inn Amsterdam Arena Towers,Hoogoorddreef 66 Zuidoost 1101 BE Amsterdam Netherlands
Netherlands,Amsterdam,Hotel Arena, s Gravesandestraat 55 Oost 1092 AA Amsterdam Netherlands
Netherlands,Amsterdam,Hotel Esther a,Singel 303 309 Amsterdam City Center 1012 WJ Amsterdam Netherlands
Netherlands,Amsterdam,Hotel JL No76,Jan Luijkenstraat 76 Oud Zuid 1071 CT Amsterdam Netherlands
Netherlands,Amsterdam,Hotel Okura Amsterdam,Ferdinand Bolstraat 333 Oud Zuid 1072 LH Amsterdam Netherlands
Netherlands,Amsterdam,Hotel Roemer Amsterdam,Roemer Visscherstraat 8 10 Oud West 1054 EV Amsterdam Netherlands
Netherlands,Amsterdam,Hotel V Nesplein,Nes 49 Amsterdam City Center 1012 KD Amsterdam Netherlands
Netherlands,Amsterdam,Hotel Vondel Amsterdam,Vondelstraat 18 30 Oud West 1054 GE Amsterdam Netherlands
Netherlands,Amsterdam,INK Hotel Amsterdam MGallery by Sofitel,Nieuwezijds Voorburgwal 67 Amsterdam City Center 1012 RE Amsterdam Netherlands
Netherlands,Amsterdam,Inntel Hotels Amsterdam Centre,Nieuwezijdskolk 19 Amsterdam City Center 1012 PV Amsterdam Netherlands
Netherlands,Amsterdam,Jaz Amsterdam,De Passage 90 Noord Holland Zuidoost 1101 AX Amsterdam Netherlands
Netherlands,Amsterdam,Luxury Suites Amsterdam,Oudeschans 75 Amsterdam City Center 1011 KW Amsterdam Netherlands
Netherlands,Amsterdam,M venpick Hotel Amsterdam City Centre,Piet Heinkade 11 Zeeburg 1019 BR Amsterdam Netherlands
Netherlands,Amsterdam,Mercure Amsterdam Sloterdijk Station,Naritaweg 1 Westpoort 1043 BP Amsterdam Netherlands
Netherlands,Amsterdam,Mercure Hotel Amsterdam City South,Joan Muyskenweg 10 Oost 1096 CJ Amsterdam Netherlands
Netherlands,Amsterdam,Mercure Hotel Amsterdam West,Oude Haagseweg 20 Slotervaart 1066 BW Amsterdam Netherlands
Netherlands,Amsterdam,NH Amsterdam Caransa,Rembrandtplein 19 Amsterdam City Center 1017 CT Amsterdam Netherlands
Netherlands,Amsterdam,NH Amsterdam Museum Quarter,Hobbemakade 50 Oud Zuid 1071 XL Amsterdam Netherlands
Netherlands,Amsterdam,NH Amsterdam Schiller,Rembrandtplein 26 36 Amsterdam City Center 1017 CV Amsterdam Netherlands
Netherlands,Amsterdam,NH Amsterdam Zuid,Van Leijenberghlaan 221 Zuideramstel 1082 GG Amsterdam Netherlands
Netherlands,Amsterdam,NH Carlton Amsterdam,Vijzelstraat 4 Amsterdam City Center 1017 HK Amsterdam Netherlands
Netherlands,Amsterdam,NH City Centre Amsterdam,Spuistraat 288 292 Amsterdam City Center 1012 VX Amsterdam Netherlands
Netherlands,Amsterdam,NH Collection Amsterdam Barbizon Palace,Prins Hendrikkade 59 72 Amsterdam City Center 1012 AD Amsterdam Netherlands
Netherlands,Amsterdam,NH Collection Amsterdam Doelen,Nieuwe Doelenstraat 24 Amsterdam City Center 1012 CP Amsterdam Netherlands
Netherlands,Amsterdam,NH Collection Amsterdam Grand Hotel Krasnapolsky,Dam 9 Amsterdam City Center 1012 JS Amsterdam Netherlands
Netherlands,Amsterdam,Novotel Amsterdam City,Europaboulevard 10 Zuideramstel 1083 AD Amsterdam Netherlands
Netherlands,Amsterdam,Ozo Hotel,Karspeldreef 2 Zuidoost 1101 CJ Amsterdam Netherlands
Netherlands,Amsterdam,Park Hotel,Stadhouderskade 25 Oud Zuid 1071 ZD Amsterdam Netherlands
Netherlands,Amsterdam,Park Plaza Victoria Amsterdam,Damrak 1 5 Amsterdam City Center 1012 LG Amsterdam Netherlands
Netherlands,Amsterdam,Park Plaza Vondelpark Amsterdam,Koninginneweg 34 36 Oud Zuid 1075 CZ Amsterdam Netherlands
Netherlands,Amsterdam,Pillows Anna van den Vondel Amsterdam,Anna van den Vondelstraat 6 Oud West 1054 GZ Amsterdam Netherlands
Netherlands,Amsterdam,Pulitzer Amsterdam,Prinsengracht 315 331 Amsterdam City Center 1016 GZ Amsterdam Netherlands
Netherlands,Amsterdam,Radisson Blu Hotel Amsterdam,Rusland 17 Amsterdam City Center 1012 CK Amsterdam Netherlands
Netherlands,Amsterdam,Ramada Apollo Amsterdam Centre,Staalmeesterslaan 410 Slotervaart 1057 PH Amsterdam Netherlands
Netherlands,Amsterdam,Renaissance Amsterdam Hotel,Kattengat 1 Amsterdam City Center 1012 SZ Amsterdam Netherlands
Netherlands,Amsterdam,Room Mate Aitana,IJdock 6 Amsterdam City Center 1013 MM Amsterdam Netherlands
Netherlands,Amsterdam,Savoy Hotel Amsterdam,Ferdinand Bolstraat 194 Oud Zuid 1072 LW Amsterdam Netherlands
Netherlands,Amsterdam,Sir Albert Hotel,Albert Cuypstraat 2 6 Oud Zuid 1072 CT Amsterdam Netherlands
Netherlands,Amsterdam,Sofitel Legend The Grand Amsterdam,Oudezijds Voorburgwal 197 Amsterdam City Center 1012 EX Amsterdam Netherlands
Netherlands,Amsterdam,Swiss tel Amsterdam,Damrak 96 Amsterdam City Center 1012 LP Amsterdam Netherlands
Netherlands,Amsterdam,The Hoxton Amsterdam,Herengracht 255 Amsterdam City Center 1016 BJ Amsterdam Netherlands
Netherlands,Amsterdam,The Student Hotel Amsterdam City,Wibautstraat 129 Oost 1091 GL Amsterdam Netherlands
Netherlands,Amsterdam,The Toren,Keizersgracht 164 Amsterdam City Center 1015 CZ Amsterdam Netherlands
Netherlands,Amsterdam,Urban Lodge Hotel,Arlandaweg 10 Westpoort 1043 EW Amsterdam Netherlands
Netherlands,Amsterdam,WestCord Art Hotel Amsterdam 4 stars,Spaarndammerdijk 304 Westerpark 1013 ZX Amsterdam Netherlands
Netherlands,Amsterdam,WestCord Fashion Hotel Amsterdam,Hendrikje Stoffelstraat 1 Slotervaart 1058 GC Amsterdam Netherlands
Netherlands,Amsterdam,art otel Amsterdam,Prins Hendrikkade 33 Amsterdam City Center 1012 TM Amsterdam Netherlands
Netherlands,Amsterdam,citizenM Amsterdam,Prinses Irenestraat 30 Zuideramstel 1077 WX Amsterdam Netherlands
France,Paris,1K Hotel,13 Boulevard Du Temple 3rd arr 75003 Paris France
France,Paris,AC Hotel Paris Porte Maillot by Marriott,6 rue Gustave Charpentier 17th arr 75017 Paris France
France,Paris,Acad mie H tel Saint Germain,32 rue des Saints P res 7th arr 75007 Paris France
France,Paris,Amarante Beau Manoir,6 Rue de l Arcade 8th arr 75008 Paris France
France,Paris,Amarante Champs Elys es,19 Rue Vernet 8th arr 75008 Paris France
France,Paris,Amp re,102 Avenue de Villiers 17th arr 75017 Paris France
France,Paris,Artus Hotel by MH,34 Rue de Buci 6th arr 75006 Paris France
France,Paris,Atala Champs Elys es,10 rue Chateaubriand 8th arr 75008 Paris France
France,Paris,Au Manoir Saint Germain,153 Boulevard Saint Germain 6th arr 75006 Paris France
France,Paris,Auteuil Tour Eiffel,8 10 Rue F licien David 16th arr 75016 Paris France
France,Paris,Balmoral Champs Elys es,6 rue du General Lanrezac 17th arr 75017 Paris France
France,Paris,Banke H tel,20 Rue La Fayette 9th arr 75009 Paris France
France,Paris,Bassano,15 Rue de Bassano 16th arr 75016 Paris France
France,Paris,Belfast,10 avenue Carnot 17th arr 75017 Paris France
France,Paris,Best Western Allegro Nation,33 Avenue Du Docteur Arnold Netter 12th arr 75012 Paris France
France,Paris,Best Western Amiral Hotel,98 Avenue d Italie 13th arr 75013 Paris France
France,Paris,Best Western Bretagne Montparnasse,33 rue Raymond Losserand 14th arr 75014 Paris France
France,Paris,Best Western Ducs de Bourgogne,19 Rue Du Pont Neuf 1st arr 75001 Paris France
France,Paris,Best Western Le Jardin de Cluny,9 Rue du Sommerard 5th arr 75005 Paris France
France,Paris,Best Western Mercedes Arc de Triomphe,128 avenue de Wagram 17th arr 75017 Paris France
France,Paris,Best Western Nouvel Orl ans Montparnasse,25 avenue du General Leclerc 14th arr 75014 Paris France
France,Paris,Best Western Op ra Batignolles,165 rue de Rome 17th arr 75017 Paris France
France,Paris,Best Western Paris Gare Saint Lazare,18 rue de Constantinople 8th arr 75008 Paris France
France,Paris,Best Western Premier Kapital Op ra,34 rue de Moscou 8th arr 75008 Paris France
France,Paris,Best Western Premier Le Swann,15 rue de Constantinople 8th arr 75008 Paris France
France,Paris,Best Western Premier Marais Grands Boulevards,112 boulevard de S bastopol 3rd arr 75003 Paris France
France,Paris,Best Western Premier Op ra Faubourg Ex Hotel Jules ,49 Rue La Fayette 9th arr 75009 Paris France
France,Paris,Best Western Premier Op ra Opal,19 Rue Tronchet 8th arr 75008 Paris France
France,Paris,Best Western S vres Montparnasse,153 Rue De Vaugirard 15th arr 75015 Paris France
France,Paris,Buddha Bar Hotel Paris,4 rue d Anjou 8th arr 75008 Paris France
France,Paris,COQ Hotel Paris,15 rue Edouard Manet 13th arr 75013 Paris France
France,Paris,Castille Paris Starhotels Collezione,33 Rue Cambon 1st arr 75001 Paris France
France,Paris,Chambiges Elys es,8 rue Chambiges 8th arr 75008 Paris France
France,Paris,Chateau Frontenac,54 rue Pierre Charron 8th arr 75008 Paris France
France,Paris,Crowne Plaza Paris R publique,10 Place De La R publique 11th arr 75011 Paris France
France,Paris,D clic Hotel,17 rue Duhesme 18th arr 75018 Paris France
France,Paris,Drawing Hotel,17 rue de Richelieu 1st arr 75001 Paris France
France,Paris,Duret,30 Rue Duret 16th arr 75016 Paris France
France,Paris,Edouard 7 Paris Op ra,39 Avenue de l Op ra 2nd arr 75002 Paris France
France,Paris,Eiffel Trocad ro,35 Rue Benjamin Franklin 16th arr 75016 Paris France
France,Paris,Elys es R gencia,41 Avenue Marceau 16th arr 75016 Paris France
France,Paris,Forest Hill Paris la Villette,28 av Corentin Cariou 19th arr 75019 Paris France
France,Paris,Four Seasons Hotel George V Paris,31 Avenue George V 8th arr 75008 Paris France
France,Paris,Francois 1er,7 Rue Magellan 8th arr 75008 Paris France
France,Paris,Franklin Roosevelt,18 rue Clement Marrot 8th arr 75008 Paris France
France,Paris,Gardette Park Hotel,1 Rue Du G n ral Blaise 11th arr 75011 Paris France
France,Paris,Golden Tulip Bercy Gare de Lyon 209,209 211 rue de Charenton 12th arr 75012 Paris France
France,Paris,Golden Tulip Opera de Noailles,9 rue de la Michodi re 2nd arr 75002 Paris France
France,Paris,Grand Pigalle Hotel,29 rue Victor Mass 9th arr 75009 Paris France
France,Paris,H tel Ad le Jules,2 4bis Cit Rougemont 9th arr 75009 Paris France
France,Paris,H tel Aiglon Esprit de France,232 Boulevard Raspail 14th arr 75014 Paris France
France,Paris,H tel Amastan Paris,34 rue Jean Mermoz 8th arr 75008 Paris France
France,Paris,H tel Arvor Saint Georges,8 rue Laferriere 9th arr 75009 Paris France
France,Paris,H tel Beauchamps,24 rue de Ponthieu 8th arr 75008 Paris France
France,Paris,H tel Bedford,17 rue de l Arcade 8th arr 75008 Paris France
France,Paris,H tel Bel Ami,7 11 Rue Saint Benoit 6th arr 75006 Paris France
France,Paris,H tel Belloy Saint Germain By Happyculture,2 Rue Racine 6th arr 75006 Paris France
France,Paris,H tel Brighton Esprit de France,218 rue de Rivoli 1st arr 75001 Paris France
France,Paris,H tel California Champs Elys es,16 rue de Berri 8th arr 75008 Paris France
France,Paris,H tel Chaplain Paris Rive Gauche,11 Bis Rue Jules Chaplain 6th arr 75006 Paris France
France,Paris,H tel D Aubusson,33 Rue Dauphine 6th arr 75006 Paris France
France,Paris,H tel Da Vinci Spa,25 rue des Saints P res 6th arr 75006 Paris France
France,Paris,H tel De Castiglione,38 Rue Du Faubourg Saint Honore 8th arr 75008 Paris France
France,Paris,H tel De Vend me,1 Place Vend me 1st arr 75001 Paris France
France,Paris,H tel Diva Opera,11 rue de Tr vise 9th arr 75009 Paris France
France,Paris,H tel Duo,11 Rue Du Temple 4th arr 75004 Paris France
France,Paris,H tel Gustave,34 Rue Viala 15th arr 75015 Paris France
France,Paris,H tel Hor,160 Rue La Fayette 10th arr 75010 Paris France
France,Paris,H tel Horset Op ra Best Western Premier Collection,18 Rue d Antin 2nd arr 75002 Paris France
France,Paris,H tel Juliana Paris,10 12 rue Cognacq Jay 7th arr 75007 Paris France
France,Paris,H tel Keppler,10 Rue Kepler 16th arr 75016 Paris France
France,Paris,H tel Le Bellechasse Saint Germain,8 Rue De Bellechasse 7th arr 75007 Paris France
France,Paris,H tel Le M,20 bis rue de la Ga t 14th arr 75014 Paris France
France,Paris,H tel Le Marianne,11 rue Paul Baudry 8th arr 75008 Paris France
France,Paris,H tel Le Walt,37 Avenue De La Motte Picquet 7th arr 75007 Paris France
France,Paris,H tel Madison by MH,143 Boulevard Saint Germain 6th arr 75006 Paris France
France,Paris,H tel Mathis Elys es,3 rue de Ponthieu 8th arr 75008 Paris France
France,Paris,H tel Mayfair Paris,3 Rue Rouget De Lisle 1st arr 75001 Paris France
France,Paris,H tel Moli re,21 rue Moli re 1st arr 75001 Paris France
France,Paris,H tel Pont Royal,5 7 Rue De Montalembert 7th arr 75007 Paris France
France,Paris,H tel Powers,52 rue Francois 1er 8th arr 75008 Paris France
France,Paris,H tel R de Paris Boutique Hotel,41 rue de Clichy 9th arr 75009 Paris France
France,Paris,H tel Raphael,17 Avenue Kl ber 16th arr 75016 Paris France
France,Paris,H tel Regent s Garden,6 Rue Pierre Demours 17th arr 75017 Paris France
France,Paris,H tel Regina,2 place des Pyramides 1st arr 75001 Paris France
France,Paris,H tel Saint Marc,36 Rue Saint Marc 2nd arr 75002 Paris France
France,Paris,H tel San R gis,12 Rue Jean Goujon 8th arr 75008 Paris France
France,Paris,H tel Square Louvois,12 Rue de Louvois 2nd arr 75002 Paris France
France,Paris,H tel Victor Hugo Paris Kl ber,19 Rue Copernic 16th arr 75016 Paris France
France,Paris,H tel Westminster,13 Rue De La Paix 2nd arr 75002 Paris France
France,Paris,H tel de Banville,166 Boulevard Berthier 17th arr 75017 Paris France
France,Paris,H tel de Jos phine BONAPARTE,10 rue d Ormesson 4th arr 75004 Paris France
France,Paris,H tel de Lille,40 rue de Lille 7th arr 75007 Paris France
France,Paris,H tel de Varenne,44 rue de Bourgogne 7th arr 75007 Paris France
France,Paris,H tel de la Bourdonnais,111 avenue de la Bourdonnais 7th arr 75007 Paris France
France,Paris,H tel des Champs Elys es,2 Rue d Artois 8th arr 75008 Paris France
France,Paris,H tel des Ducs D Anjou,1 Rue Sainte Opportune 1st arr 75001 Paris France
France,Paris,H tel du Minist re,31 Rue de Surene 8th arr 75008 Paris France
France,Paris,Holiday Inn Paris Elys es,24 Rue De Miromesnil 8th arr 75008 Paris France
France,Paris,Holiday Inn Paris Gare Montparnasse,79 81 avenue du Maine 14th arr 75014 Paris France
France,Paris,Holiday Inn Paris Gare de Lyon Bastille,11 15 Rue De Lyon 12th arr 75012 Paris France
France,Paris,Holiday Inn Paris Gare de l Est,5 rue du 8 Mai 1945 10th arr 75010 Paris France
France,Paris,Holiday Inn Paris Op ra Grands Boulevards,30 32 Boulevard Poissonni re 9th arr 75009 Paris France
France,Paris,Hotel Ares Eiffel,7 rue du G n ral de Larminat 15th arr 75015 Paris France
France,Paris,Hotel Astor Saint Honor ,11 Rue d Astorg 8th arr 75008 Paris France
France,Paris,Hotel Atmospheres,29 31 rue des Ecoles 5th arr 75005 Paris France
France,Paris,Hotel Bachaumont,18 rue Bachaumont 2nd arr 75002 Paris France
France,Paris,Hotel Champs Elys es Friedland by Happyculture,177 rue du faubourg Saint Honor 8th arr 75008 Paris France
France,Paris,Hotel Claridge Paris,37 rue Fran ois 1er 8th arr 75008 Paris France
France,Paris,Hotel Des Saints Peres Esprit de France,65 rue des Saints P res 6th arr 75006 Paris France
France,Paris,Hotel Design Secret de Paris,2 Rue De Parme 9th arr 75009 Paris France
France,Paris,Hotel Duminy Vendome,3 5 rue du Mont Thabor 1st arr 75001 Paris France
France,Paris,Hotel Elys es Bassano,24 rue Bassano 16th arr 75016 Paris France
France,Paris,Hotel Eug ne en Ville,6 rue Buffault 9th arr 75009 Paris France
France,Paris,Hotel Georgette,36 rue du Grenier Saint Lazare 3rd arr 75003 Paris France
France,Paris,Hotel Indigo Paris Opera,2 Rue Edouard VII 9th arr 75009 Paris France
France,Paris,Hotel L Antoine,10 12 rue de Charonne 11th arr 75011 Paris France
France,Paris,Hotel La Lanterne,12 rue de la Montagne Sainte Genevi ve 5th arr 75005 Paris France
France,Paris,Hotel Le 10 BIS,10 Bis rue du D barcad re 17th arr 75017 Paris France
France,Paris,Hotel Le Chat Noir,68 Boulevard De Clichy 18th arr 75018 Paris France
France,Paris,Hotel Le Mareuil,51 Rue de Malte 11th arr 75011 Paris France
France,Paris,Hotel Le Placide Saint Germain Des Pr s,6 Rue Saint Placide 6th arr 75006 Paris France
France,Paris,Hotel Le Sainte Beuve,9 Rue Sainte Beuve 6th arr 75006 Paris France
France,Paris,Hotel Le Squara,3 rue Lepic 18th arr 75018 Paris France
France,Paris,Hotel Le petit Paris,214 rue Saint Jacques 5th arr 75005 Paris France
France,Paris,Hotel Les Rives de Notre Dame,15 Quai Saint Michel 5th arr 75005 Paris France
France,Paris,Hotel Les Th tres,98 Rue De Clery 2nd arr 75002 Paris France
France,Paris,Hotel Louvre Montana,12 rue Saint Roch 1st arr 75001 Paris France
France,Paris,Hotel Lumen Paris Louvre,15 Rue Des Pyramides 1st arr 75001 Paris France
France,Paris,Hotel Maison Ath n e,19 Rue De Caumartin 9th arr 75009 Paris France
France,Paris,Hotel Maison FL,6 Rue De La Tour 16th arr 75016 Paris France
France,Paris,Hotel Marignan Champs Elys es,12 rue de Marignan 8th arr 75008 Paris France
France,Paris,Hotel Mercure La Sorbonne Saint Germain des Pr s,14 Rue de la Sorbonne 5th arr 75005 Paris France
France,Paris,Hotel Montaigne,6 Avenue Montaigne 8th arr 75008 Paris France
France,Paris,Hotel Odeon Saint Germain,13 rue Saint Sulpice 6th arr 75006 Paris France
France,Paris,Hotel Op ra Richepanse,14 Rue du Chevalier de Saint George 1st arr 75001 Paris France
France,Paris,Hotel Opera Cadet,24 rue Cadet 9th arr 75009 Paris France
France,Paris,Hotel Panache,1 rue Geoffroy Marie 9th arr 75009 Paris France
France,Paris,Hotel Parc Saint Severin Esprit de France,22 Rue de La Parcheminerie 5th arr 75005 Paris France
France,Paris,Hotel Park Lane Paris,4 Rue La Boetie 8th arr 75008 Paris France
France,Paris,Hotel Plaza Elys es,177 Boulevard Haussmann 8th arr 75008 Paris France
France,Paris,Hotel Pulitzer Paris,23 rue du Faubourg Montmartre 9th arr 75009 Paris France
France,Paris,Hotel Royal Elys es,6 Avenue Victor Hugo 16th arr 75116 Paris France
France,Paris,Hotel Saint Petersbourg Opera,35 Rue Caumartin 9th arr 75009 Paris France
France,Paris,Hotel Scribe Paris Opera by Sofitel,1 Rue Scribe 9th arr 75009 Paris France
France,Paris,Hotel Stendhal Place Vend me Paris MGallery by Sofitel,22 Rue Danielle Casanova 1st arr 75002 Paris France
France,Paris,Hotel The Peninsula Paris,19 avenue Kleber 16th arr 75116 Paris France
France,Paris,Hotel Trianon Rive Gauche,1 Bis Rue De Vaugirard 6th arr 75006 Paris France
France,Paris,Hotel Vignon,23 Rue Vignon 8th arr 75008 Paris France
France,Paris,Hotel Villa Saxe Eiffel,9 Villa de Saxe 7th arr 75007 Paris France
France,Paris,Hotel West End,7 rue Cl ment Marot 8th arr 75008 Paris France
France,Paris,Hotel d Orsay Esprit de France,93 Rue de Lille 7th arr 75007 Paris France
France,Paris,Hotel de Seze,16 rue de S ze 9th arr 75009 Paris France
France,Paris,Hotel des Tuileries Relais du Silence,10 rue Saint Hyacinthe 1st arr 75001 Paris France
France,Paris,Hotel du Collectionneur Arc de Triomphe,51 57 rue de Courcelles 8th arr 75008 Paris France
France,Paris,Hotel du Louvre in the Unbound Collection by Hyatt,Place Andr Malraux 1st arr 75001 Paris France
France,Paris,Hotel du Petit Moulin,29 31 rue de Poitou 3rd arr 75003 Paris France
France,Paris,Hotel le Lapin Blanc,41 boulevard Saint Michel 5th arr 75005 Paris France
France,Paris,Hyatt Regency Paris Etoile,3 Place du G n ral Koenig 17th arr 75017 Paris France
France,Paris,Idol Hotel,16 rue d Edimbourg 8th arr 75008 Paris France
France,Paris,InterContinental Paris Le Grand,2 Rue Scribe 9th arr 75009 Paris France
France,Paris,K K H tel Cayr Saint Germain des Pr s,4 Boulevard Raspail 7th arr 75007 Paris France
France,Paris,L H tel,13 rue des Beaux Arts 6th arr 75006 Paris France
France,Paris,L Hotel Pergol se Paris,3 Rue Pergolese 16th arr 75116 Paris France
France,Paris,La Clef Tour Eiffel,83 avenue Kl ber 16th arr 75016 Paris France
France,Paris,La Maison Favart,5 Rue Marivaux 2nd arr 75002 Paris France
France,Paris,La Tremoille Paris,14 rue de la Tremoille 8th arr 75008 Paris France
France,Paris,La Villa Maillot,143 Avenue De Malakoff 16th arr 75016 Paris France
France,Paris,La Villa Royale,2 Rue Duperr 9th arr 75009 Paris France
France,Paris,La Villa des Ternes,97 avenue des Ternes 17th arr 75017 Paris France
France,Paris,Le 123 Elysees Astotel,123 Rue Du Faubourg Saint Honor 8th arr 75008 Paris France
France,Paris,Le 7 Eiffel Hotel,17 bis rue Am lie 7th arr 75007 Paris France
France,Paris,Le Burgundy Paris,6 8 Rue Duphot 1st arr 75001 Paris France
France,Paris,Le Cinq Codet,5 rue Louis Codet 7th arr 75007 Paris France
France,Paris,Le Dokhan s a Tribute Portfolio Hotel,117 Rue Lauriston 16th arr 75116 Paris France
France,Paris,Le Grand H tel de Normandie,4 rue Amsterdam 9th arr 75009 Paris France
France,Paris,Le Grey Hotel,12 rue de Parme 9th arr 75009 Paris France
France,Paris,Le M ridien Etoile,81 boulevard Gouvion Saint Cyr 17th arr 75017 Paris France
France,Paris,Le Marceau Bastille,13 Rue Jules Cesar 12th arr 75012 Paris France
France,Paris,Le Marquis Eiffel,15 Rue Dupleix 15th arr 75015 Paris France
France,Paris,Le Metropolitan a Tribute Portfolio Hotel,10 Place De Mexico 16th arr 75016 Paris France
France,Paris,Le Narcisse Blanc Spa,19 Boulevard De La Tour Maubourg 7th arr 75007 Paris France
France,Paris,Le Parisis Paris Tour Eiffel,102 Bd De Grenelle 15th arr 75015 Paris France
France,Paris,Le Pavillon de la Reine Spa,28 place des Vosges 3rd arr 75003 Paris France
France,Paris,Le Roch Hotel Spa,28 rue Saint Roch 1st arr 75001 Paris France
France,Paris,Le Senat,10 rue de Vaugirard 6th arr 75006 Paris France
France,Paris,Le Tourville Eiffel,16 avenue de Tourville 7th arr 75007 Paris France
France,Paris,Legend Saint Germain by Elegancia,151 bis Rue de Rennes 6th arr 75006 Paris France
France,Paris,Les Jardins Du Marais,74 rue Amelot 11th arr 75011 Paris France
France,Paris,Les Matins de Paris Spa,3 rue Clauzel 9th arr 75009 Paris France
France,Paris,Les Plumes Hotel,10 rue Lamartine 9th arr 75009 Paris France
France,Paris,Little Palace Hotel,4 rue Salomon de Caus 3rd arr 75003 Paris France
France,Paris,Madeleine Plaza,33 place de la Madeleine 8th arr 75008 Paris France
France,Paris,Maison Albar H tel Paris Champs Elys es ex Mac Mahon ,3 avenue Mac Mahon 17th arr 75017 Paris France
France,Paris,Maison Souquet,10 rue de Bruxelles 9th arr 75009 Paris France
France,Paris,Majestic Hotel Spa,30 Rue La P rouse 16th arr 75016 Paris France
France,Paris,Mercure Paris 19 Philharmonie La Villette,216 Avenue Jean Jaures 19th arr 75019 Paris France
France,Paris,Mercure Paris Alesia,185 Boulevard Brune 14th arr 75014 Paris France
France,Paris,Mercure Paris Arc de Triomphe Etoile,27 avenue des Ternes 17th arr 75017 Paris France
France,Paris,Mercure Paris Bastille Marais,53 Rue Richard Lenoir 11th arr 75011 Paris France
France,Paris,Mercure Paris Centre Tour Eiffel,20 Rue Jean Rey 15th arr 75015 Paris France
France,Paris,Mercure Paris Gare De Lyon TGV,2 place Louis Armand 12th arr 75012 Paris France
France,Paris,Mercure Paris Montmartre Sacr Coeur,3 Rue Caulaincourt 18th arr 75018 Paris France
France,Paris,Mercure Paris Montparnasse Raspail,207 Boulevard Raspail 14th arr 75014 Paris France
France,Paris,Mercure Paris Notre Dame Saint Germain des Pr s,20 rue du Sommerard 5th arr 75005 Paris France
France,Paris,Mercure Paris Op ra Faubourg Montmartre,5 Rue de Montyon 9th arr 75009 Paris France
France,Paris,Mercure Paris Opera Garnier,4 Rue de L Isly 8th arr 75008 Paris France
France,Paris,Mercure Paris Opera Louvre,95 Rue de Richelieu 2nd arr 75002 Paris France
France,Paris,Mercure Paris Terminus Nord,21 rue de Dunkerque 10th arr 75010 Paris France
France,Paris,Mill sime H tel,15 Rue Jacob 6th arr 75006 Paris France
France,Paris,Millennium Hotel Paris Opera,12 Boulevard Haussmann 9th arr 75009 Paris France
France,Paris,Montfleuri,21 Avenue De La Grande Arm e 16th arr 75016 Paris France
France,Paris,My Home In Paris,5 Rue De Malte 11th arr 75011 Paris France
France,Paris,Napoleon Paris,40 avenue de Friedland 8th arr 75008 Paris France
France,Paris,Newhotel Roblin,6 rue Chauveau Lagarde 8th arr 75008 Paris France
France,Paris,Nolinski Paris,16 Avenue de l Opera 1st arr 75001 Paris France
France,Paris,Novotel Paris Centre Bercy,85 Rue De Bercy 12th arr 75012 Paris France
France,Paris,Novotel Paris Centre Gare Montparnasse,17 Rue Du Cotentin 15th arr 75015 Paris France
France,Paris,Novotel Paris Centre Tour Eiffel,61 Quai De Grenelle 15th arr 75015 Paris France
France,Paris,Novotel Paris Gare De Lyon,2 Rue Hector Malot 12th arr 75012 Paris France
France,Paris,Novotel Paris Les Halles,8 Place Marguerite de Navarre 1st arr 75001 Paris France
France,Paris,Novotel Paris Vaugirard Montparnasse,257 Rue De Vaugirard 15th arr 75015 Paris France
France,Paris,Novotel Suites Paris Expo Porte de Versailles,4 Boulevard Brune 14th arr 75014 Paris France
France,Paris,Novotel Suites Paris Montreuil Vincennes,22 Avenue du professeur lemierre 20th arr 75020 Paris France
France,Paris,Novotel Suites Paris Nord 18 me,1 Impasse Marteau 18th arr 75018 Paris France
France,Paris,Oceania Paris Porte De Versailles,52 Rue Oradour sur Glane 15th arr 75015 Paris France
France,Paris,Okko Hotels Paris Porte De Versailles,2 Rue du Colonel Pierre Avia 15th arr 75015 Paris France
France,Paris,Paris Marriott Opera Ambassador Hotel,16 boulevard Haussmann 9th arr 75009 Paris France
France,Paris,Park Hyatt Paris Vendome,5 rue de la Paix 2nd arr 75002 Paris France
France,Paris,Phileas Hotel,24 Rue d Amsterdam 9th arr 75009 Paris France
France,Paris,Platine Hotel Spa,20 rue de l Ing nieur Robert Keller 15th arr 75015 Paris France
France,Paris,Pullman Paris Centre Bercy,1 Rue De Libourne 12th arr 75012 Paris France
France,Paris,Pullman Paris Montparnasse,19 Rue du Commandant Ren Mouchotte 14th arr 75014 Paris France
France,Paris,Pullman Paris Tour Eiffel,18 Avenue De Suffren Entr e au 22 rue Jean Rey 15th arr 75015 Paris France
France,Paris,R Kipling by Happyculture,65 rue Blanche 9th arr 75009 Paris France
France,Paris,Relais Christine,3 Rue Christine 6th arr 75006 Paris France
France,Paris,Relais Du Louvre,19 Rue Des Pretres Saint Germain L Auxerrois 1st arr 75001 Paris France
France,Paris,Residence Henri IV,50 rue des Bernardins 5th arr 75005 Paris France
France,Paris,Rochester Champs Elysees,92 Rue La Boetie 8th arr 75008 Paris France
France,Paris,Royal Garden Champs Elysees,218 220 rue du Faubourg St Honor 8th arr 75008 Paris France
France,Paris,Royal Hotel Champs Elys es,33 avenue de Friedland 8th arr 75008 Paris France
France,Paris,Royal Saint Honore,221 Rue Saint Honore 1st arr 75001 Paris France
France,Paris,Royal Saint Michel,3 Boulevard Saint Michel 5th arr 75005 Paris France
France,Paris,Saint James Albany Paris Hotel Spa,202 rue de Rivoli 1st arr 75001 Paris France
France,Paris,Select Hotel,1 Place De La Sorbonne 5th arr 75005 Paris France
France,Paris,Seven Hotel,20 rue Berthollet 5th arr 75005 Paris France
France,Paris,Sofitel Paris Arc De Triomphe,14 Rue Beaujon 8th arr 75008 Paris France
France,Paris,Sofitel Paris Le Faubourg,15 Rue Boissy d Anglas 8th arr 75008 Paris France
France,Paris,Splendid Etoile,1 Avenue Carnot 17th arr 75017 Paris France
France,Paris,Splendide Royal Paris,18 Rue du Cirque 8th arr 75008 Paris France
France,Paris,Suites H tel Helzear Champs Elys es,49 Avenue Marceau 16th arr 75116 Paris France
France,Paris,Timhotel Op ra Blanche Fontaine,34 Rue Fontaine 9th arr 75009 Paris France
France,Paris,Vice Versa,213 rue de la Croix Nivert 15th arr 75015 Paris France
France,Paris,Villa Beaumarchais,5 rue des Arquebusiers 3rd arr 75003 Paris France
France,Paris,Villa Eugenie,167 rue de Rome 17th arr 75017 Paris France
France,Paris,Villa Montparnasse,2 Rue Boulard 14th arr 75014 Paris France
France,Paris,Villa Opera Drouot,2 rue Geoffroy Marie 9th arr 75009 Paris France
France,Paris,Villa Panth on,41 Rue Des Ecoles 5th arr 75005 Paris France
France,Paris,Villa d Estr es,17 rue g t le coeur 6th arr 75006 Paris France
France,Paris,Waldorf Madeleine,12 boulevard Malesherbes 8th arr 75008 Paris France
France,Paris,Warwick Paris Former Warwick Champs Elysees ,5 rue de Berri 8th arr 75008 Paris France
France,Paris,Westside Arc de Triomphe Hotel,36 rue Pierre Demours 17th arr 75017 Paris France
France,Paris,Windsor Opera,10 Rue Gabriel Laumain 10th arr 75010 Paris France
Spain,Barcelona,AC Hotel Barcelona Forum a Marriott Lifestyle Hotel,Paseo Taulat 278 Sant Mart 08019 Barcelona Spain
Spain,Barcelona,AC Hotel Sants a Marriott Lifestyle Hotel,Passeig de Sant Antoni 36 40 Sants Montju c 08014 Barcelona Spain
Spain,Barcelona,Acevi Villarroel,Villarroel 106 Eixample 08011 Barcelona Spain
Spain,Barcelona,Acta Atrium Palace,Gran Via Corts Catalanes 656 Eixample 08010 Barcelona Spain
Spain,Barcelona,Acta CITY47,Nicaragua 47 Sants Montju c 08029 Barcelona Spain
Spain,Barcelona,Alexandra Barcelona A DoubleTree by Hilton,Mallorca 251 Eixample 08008 Barcelona Spain
Spain,Barcelona,Alma Barcelona GL,Mallorca 269 271 Eixample 08008 Barcelona Spain
Spain,Barcelona,Aparthotel Arai 4 Superior,Avinyo 30 Ciutat Vella 08002 Barcelona Spain
Spain,Barcelona,Aparthotel Mariano Cubi Barcelona,Mariano Cubi 62 64 Sarri St Gervasi 08006 Barcelona Spain
Spain,Barcelona,Attica 21 Barcelona Mar,Proven als 10 Sant Mart 08019 Barcelona Spain
Spain,Barcelona,Avenida Palace,Gran Via 605 Eixample 08007 Barcelona Spain
Spain,Barcelona,Axel Hotel Barcelona Urban Spa Adults Only,Aribau 33 Eixample 08011 Barcelona Spain
Spain,Barcelona,Ayre Hotel Caspe,Caspe 103 Eixample 08013 Barcelona Spain
Spain,Barcelona,Ayre Hotel Gran V a,Gran V a de les Corts Catalanes 322 Sants Montju c 08004 Barcelona Spain
Spain,Barcelona,Barcel Raval,Rambla del Raval 17 21 Ciutat Vella 08001 Barcelona Spain
Spain,Barcelona,Barcel Sants,Plaza Paisos Catalans s n Sants Montju c 08014 Barcelona Spain
Spain,Barcelona,Barcelona Princess,Avenida Diagonal 1 Sant Mart 08019 Barcelona Spain
Spain,Barcelona,Bcn Urban Hotels Gran Rosellon,Rosell n 174 176 Eixample 08036 Barcelona Spain
Spain,Barcelona,Best Western Premier Hotel Dante,Mallorca 181 Eixample 08036 Barcelona Spain
Spain,Barcelona,Capri by Fraser Barcelona,Sancho de vila 32 34 Sant Mart 08018 Barcelona Spain
Spain,Barcelona,Catalonia Atenas,Avenida Meridiana 151 Sant Mart 08026 Barcelona Spain
Spain,Barcelona,Catalonia Barcelona Plaza,Plaza Espa a 6 8 Sants Montju c 08014 Barcelona Spain
Spain,Barcelona,Catalonia Born,Rec Comtal 16 18 Ciutat Vella 08003 Barcelona Spain
Spain,Barcelona,Catalonia Diagonal Centro,Balmes 142 146 Eixample 08008 Barcelona Spain
Spain,Barcelona,Catalonia Eixample 1864,Roger de Ll ria 60 Eixample 08009 Barcelona Spain
Spain,Barcelona,Catalonia Magdalenes,Magdalenes 13 15 Ciutat Vella 08002 Barcelona Spain
Spain,Barcelona,Catalonia Park Putxet,Putget 68 Sarri St Gervasi 08023 Barcelona Spain
Spain,Barcelona,Catalonia Passeig de Gr cia 4 Sup,Gran Via de les Corts Catalanes 644 Eixample 08007 Barcelona Spain
Spain,Barcelona,Catalonia Plaza Catalunya,Bergara 11 Eixample 08002 Barcelona Spain
Spain,Barcelona,Catalonia Port,Ample 1 Pla a Duc de Medinaceli Ciutat Vella 08002 Barcelona Spain
Spain,Barcelona,Catalonia Ramblas 4 Sup,Pelai 28 Ciutat Vella 08002 Barcelona Spain
Spain,Barcelona,Catalonia Rigoletto,Sabino de Arana 22 24 Les Corts 08028 Barcelona Spain
Spain,Barcelona,Catalonia Square 4 Sup,Ronda Sant Pere 9 Eixample 08010 Barcelona Spain
Spain,Barcelona,Col n Hotel Barcelona,Avinguda Catedral 7 Ciutat Vella 08002 Barcelona Spain
Spain,Barcelona,Condes de Barcelona,Paseo de Gracia 73 Eixample 08008 Barcelona Spain
Spain,Barcelona,Cram,Aribau 54 Eixample 08011 Barcelona Spain
Spain,Barcelona,Duquesa Suites Barcelona,Pla a Antonio L pez 5 Ciutat Vella 08002 Barcelona Spain
Spain,Barcelona,Duquesa de Cardona,Passeig Colom 12 Ciutat Vella 08002 Barcelona Spain
Spain,Barcelona,Eurostars Bcn Design,Passeig de Gr cia 29 Eixample 08007 Barcelona Spain
Spain,Barcelona,Eurostars Cristal Palace,Diputaci 257 Eixample 08007 Barcelona Spain
Spain,Barcelona,Eurostars Grand Marina Hotel GL,Moll de Barcelona WTC Ciutat Vella 08039 Barcelona Spain
Spain,Barcelona,Eurostars Ramblas,La Rambla 22 24 Ciutat Vella 08002 Barcelona Spain
Spain,Barcelona,Exe Laietana Palace,Via Laietana 17 Ciutat Vella 08003 Barcelona Spain
Spain,Barcelona,Expo Hotel Barcelona,Mallorca 1 23 Sants Montju c 08014 Barcelona Spain
Spain,Barcelona,Fairmont Rey Juan Carlos I,Avenida Diagonal 661 671 Les Corts 08028 Barcelona Spain
Spain,Barcelona,Gallery Hotel,Rossell 249 Eixample 08008 Barcelona Spain
Spain,Barcelona,Gran Hotel Barcino,Jaume I 6 Ciutat Vella 08002 Barcelona Spain
Spain,Barcelona,Gran Hotel La Florida,Carretera Vallvidrera Tibidabo 83 93 Horta Guinard 08035 Barcelona Spain
Spain,Barcelona,Gran Hotel Torre Catalunya,Avenida Roma 2 4 Sants Montju c 08014 Barcelona Spain
Spain,Barcelona,Grand Hotel Central,Via Laietana 30 Ciutat Vella 08003 Barcelona Spain
Spain,Barcelona,Grupotel Gran Via 678,Gran Via de les Corts Catalanes 678 Eixample 08010 Barcelona Spain
Spain,Barcelona,Guitart Grand Passage,Muntaner 212 Eixample 08036 Barcelona Spain
Spain,Barcelona,H10 Art Gallery 4 Sup,Enric Granados 62 64 Eixample 08008 Barcelona Spain
Spain,Barcelona,H10 Cubik 4 Sup,V a Laietana 69 Ciutat Vella 08003 Barcelona Spain
Spain,Barcelona,H10 Itaca,Avenida Roma 22 30 Eixample 08015 Barcelona Spain
Spain,Barcelona,H10 Marina Barcelona,Avenida Bogatell 64 68 Sant Mart 08005 Barcelona Spain
Spain,Barcelona,H10 Metropolitan 4 Sup,Rambla Catalunya 7 9 Eixample 08007 Barcelona Spain
Spain,Barcelona,H10 Port Vell 4 Sup,Pas de Sota Muralla 9 Ciutat Vella 08003 Barcelona Spain
Spain,Barcelona,H10 Universitat,Ronda Universitat 21 Eixample 08007 Barcelona Spain
Spain,Barcelona,HCC Regente,Rambla de Catalunya 76 Eixample 08008 Barcelona Spain
Spain,Barcelona,Hotel 1898,La Rambla 109 Ciutat Vella 08002 Barcelona Spain
Spain,Barcelona,Hotel 4 Barcelona,Doctor Trueta 164 Sant Mart 08005 Barcelona Spain
Spain,Barcelona,Hotel Alimara,Berruguete 126 Horta Guinard 08035 Barcelona Spain
Spain,Barcelona,Hotel Arts Barcelona,Marina 19 21 08005 Barcelona Spain
Spain,Barcelona,Hotel Balmoral,Via Augusta 5 08006 Barcelona Spain
Spain,Barcelona,Hotel Barcelona Catedral,Capellans 4 Ciutat Vella 08002 Barcelona Spain
Spain,Barcelona,Hotel Barcelona Universal,Avinguda Paral lel 76 78 Ciutat Vella 08001 Barcelona Spain
Spain,Barcelona,Hotel Best Western PLUS Alfa Aeropuerto,Calle K s n Entrada principal Mercabarna Sants Montju c 08040 Barcelona Spain
Spain,Barcelona,Hotel Casa Bonay,Gran Via de les Corts Catalanes 700 Eixample 08010 Barcelona Spain
Spain,Barcelona,Hotel Casa Camper,Elisabets 11 Ciutat Vella 08001 Barcelona Spain
Spain,Barcelona,Hotel Casa Fuster G L Monumento,Passeig de Gracia 132 Gr cia 08008 Barcelona Spain
Spain,Barcelona,Hotel Espa a Ramblas,Sant Pau 9 11 Ciutat Vella 08001 Barcelona Spain
Spain,Barcelona,Hotel Front Maritim,Paseo Garc a I Faria 69 71 Sant Mart 08019 Barcelona Spain
Spain,Barcelona,Hotel Grums Barcelona,Palaud ries 26 Sants Montju c 08004 Barcelona Spain
Spain,Barcelona,Hotel Midmost,Pelayo 14 Ciutat Vella 08001 Barcelona Spain
Spain,Barcelona,Hotel Miramar Barcelona GL,Plaza Carlos Iba ez 3 Sants Montju c 08038 Barcelona Spain
Spain,Barcelona,Hotel Omm,Rossell 265 Eixample 08008 Barcelona Spain
Spain,Barcelona,Hotel Pulitzer,Bergara 8 Eixample 08002 Barcelona Spain
Spain,Barcelona,Hotel Regina,Bergara 2 4 Eixample 08002 Barcelona Spain
Spain,Barcelona,Hotel Rekord,Muntaner 352 Sarri St Gervasi 08021 Barcelona Spain
Spain,Barcelona,Hotel SB Diagonal Zero Barcelona 4 Sup,Pla a de Llevant s n Sant Mart 08019 Barcelona Spain
Spain,Barcelona,Hotel SB Icaria Barcelona,Avinguda Icaria 195 Sant Mart 08005 Barcelona Spain
Spain,Barcelona,Hotel Spa Villa Olimpica Suites,Pallars 121 125 Sant Mart 08018 Barcelona Spain
Spain,Barcelona,Hotel Vilamar ,Vilamari 34 36 Eixample 08015 Barcelona Spain
Spain,Barcelona,Hotel Villa Emilia,Calabria 115 117 Eixample 08015 Barcelona Spain
Spain,Barcelona,Hotel Well and Come,Girona 158 Eixample 08037 Barcelona Spain
Spain,Barcelona,Hotel mbit Barcelona,Roger de Ll ria 17 Eixample 08010 Barcelona Spain
Spain,Barcelona,Ilunion Almirante,Via Laietana 42 Ciutat Vella 08003 Barcelona Spain
Spain,Barcelona,Ilunion Barcelona,Ramon Turr 196 198 Sant Mart 08005 Barcelona Spain
Spain,Barcelona,K K Hotel Picasso,Passeig de Picasso 26 30 Ciutat Vella 08003 Barcelona Spain
Spain,Barcelona,Majestic Hotel Spa Barcelona GL,Passeig de Gracia 68 Eixample 08007 Barcelona Spain
Spain,Barcelona,Mandarin Oriental Barcelona,Passeig de Gr cia 38 40 Eixample 08007 Barcelona Spain
Spain,Barcelona,Medinaceli,Duc De Medinaceli 8 Ciutat Vella 08002 Barcelona Spain
Spain,Barcelona,Mercer Hotel Barcelona,Dels Lledo 7 Ciutat Vella 08003 Barcelona Spain
Spain,Barcelona,Monument Hotel,Paseo de Gracia 75 Eixample 08008 Barcelona Spain
Spain,Barcelona,NH Barcelona Stadium,Travessera de les Corts 150 152 Les Corts 08028 Barcelona Spain
Spain,Barcelona,NH Collection Barcelona Gran Hotel Calder n,Rambla Catalunya 26 Eixample 08007 Barcelona Spain
Spain,Barcelona,NH Hesperia Barcelona Presidente,Avenida Diagonal 570 Sarri St Gervasi 08021 Barcelona Spain
Spain,Barcelona,NH Hesperia Barcelona del Mar,Espronceda 6 Sant Mart 08005 Barcelona Spain
Spain,Barcelona,Negresco Princess 4 Sup,Roger de Lluria 16 18 Eixample 08010 Barcelona Spain
Spain,Barcelona,Occidental Atenea Mar Adults Only,Paseo Garc a Faria 37 47 Sant Mart 08019 Barcelona Spain
Spain,Barcelona,Olivia Balmes Hotel,Balmes 117 Eixample 08008 Barcelona Spain
Spain,Barcelona,Olivia Plaza Hotel,Plaza de Catalunya 19 Ciutat Vella 08002 Barcelona Spain
Spain,Barcelona,Onix Liceo,Nou de la Rambla 36 Ciutat Vella 08001 Barcelona Spain
Spain,Barcelona,Pestana Arena Barcelona,Consell de Cent 51 53 Sants Montju c 08014 Barcelona Spain
Spain,Barcelona,Petit Palace Barcelona,Roger De Lluria 21 Esq Gran Via 662 Eixample 08037 Barcelona Spain
Spain,Barcelona,Petit Palace Boqueria Garden,Boquer a 10 Ciutat Vella 08002 Barcelona Spain
Spain,Barcelona,Petit Palace Museum,Diputacion 250 Eixample 08007 Barcelona Spain
Spain,Barcelona,Pol Grace Hotel,Guillem Tell 49 Sarri St Gervasi 08006 Barcelona Spain
Spain,Barcelona,Pullman Barcelona Skipper,Avenida Litoral 10 Ciutat Vella 08005 Barcelona Spain
Spain,Barcelona,Room Mate Anna,Carrer de Arag 271 Eixample 08007 Barcelona Spain
Spain,Barcelona,Royal Passeig de Gracia,Passeig de Gracia 84 Eixample 08008 Barcelona Spain
Spain,Barcelona,Royal Ramblas,Las Ramblas 117 Ciutat Vella 08002 Barcelona Spain
Spain,Barcelona,Sall s Hotel Pere IV,Pallars 128 130 Sant Mart 08018 Barcelona Spain
Spain,Barcelona,Sansi Diputacio,234 Diputacio Eixample 08007 Barcelona Spain
Spain,Barcelona,Senator Barcelona Spa Hotel,Cardenal Reig 11 Les Corts 08028 Barcelona Spain
Spain,Barcelona,Silken Gran Hotel Havana,Gran V a de Les Corts Catalanes 647 Eixample 08010 Barcelona Spain
Spain,Barcelona,Silken Ramblas,Pintor Fortuny 13 Ciutat Vella 08001 Barcelona Spain
Spain,Barcelona,Sixtytwo Hotel,Passeig de Gracia 62 Eixample 08007 Barcelona Spain
Spain,Barcelona,Sunotel Central,Gran V a De Les Corts Catalanes 570 Eixample 08011 Barcelona Spain
Spain,Barcelona,Sunotel Club Central,Valencia 157 Eixample 08011 Barcelona Spain
Spain,Barcelona,TWO Hotel Barcelona by Axel 4 Sup Adults Only,Calabria 90 92 Eixample 08015 Barcelona Spain
Spain,Barcelona,The Corner Hotel,Mallorca 178 Eixample 08036 Barcelona Spain
Spain,Barcelona,The Gates Diagonal Barcelona,Avenida Diagonal 205 Sant Mart 08018 Barcelona Spain
Spain,Barcelona,The Wittmore Adults Only,Riudarenes 7 Ciutat Vella 08002 Barcelona Spain
Spain,Barcelona,U232 Hotel,Comte d Urgell 232 Eixample 08036 Barcelona Spain
Spain,Barcelona,Vincci Bit,Josep Pla 69 Sant Mart 08019 Barcelona Spain
Spain,Barcelona,Vincci Mae,Avenida Diagonal 596 Sarri St Gervasi 08021 Barcelona Spain
Spain,Barcelona,Vincci Maritimo,Llull 340 Sant Mart 08019 Barcelona Spain
Spain,Barcelona,W Barcelona,Pla a Rosa dels Vents 1 Passeig Joan de Borbo Ciutat Vella 08039 Barcelona Spain
Spain,Barcelona,Wilson Boutique Hotel,Avenida Diagonal 568 Sarri St Gervasi 08021 Barcelona Spain
Spain,Barcelona,Zenit Barcelona,Santal 8 Sarri St Gervasi 08021 Barcelona Spain
Austria,Vienna,25hours Hotel beim MuseumsQuartier,Lerchenfelder Stra e 1 3 07 Neubau 1070 Vienna Austria
Austria,Vienna,Alma Boutique Hotel,Hafnersteig 7 01 Innere Stadt 1010 Vienna Austria
Austria,Vienna,Aparthotel Adagio Vienna City,Uraniastra e 2 01 Innere Stadt 1010 Vienna Austria
Austria,Vienna,Appartement Hotel an der Riemergasse,Riemergasse 8 01 Innere Stadt 1010 Vienna Austria
Austria,Vienna,Arion Cityhotel Vienna und Appartements,Hintschiggasse 1 10 Favoriten 1100 Vienna Austria
Austria,Vienna,Atlantis Hotel Vienna,Wurzbachgasse 21 15 Rudolfsheim F nfhaus 1150 Vienna Austria
Austria,Vienna,Austria Trend Hotel Anatol Wien,Webgasse 26 06 Mariahilf 1060 Vienna Austria
Austria,Vienna,Austria Trend Hotel Astoria Wien,K rntner Stra e 32 34 01 Innere Stadt 1010 Vienna Austria
Austria,Vienna,Austria Trend Hotel Bosei Wien,Gutheil Schoder Gasse 7B 10 Favoriten 1100 Vienna Austria
Austria,Vienna,Austria Trend Hotel Doppio Wien,Rennweg 99 Rinnboeckstrasse 1 03 Landstra e 1030 Vienna Austria
Austria,Vienna,Austria Trend Hotel Europa Wien,K rntnerstra e 18 Eingang Neuer Markt 3 01 Innere Stadt 1010 Vienna Austria
Austria,Vienna,Austria Trend Hotel Park Royal Palace Vienna,Schlossallee 8 14 Penzing 1140 Vienna Austria
Austria,Vienna,Austria Trend Hotel Rathauspark Wien,Rathausstra e 17 01 Innere Stadt 1010 Vienna Austria
Austria,Vienna,Austria Trend Hotel Savoyen Vienna,Rennweg 16 03 Landstra e 1030 Vienna Austria
Austria,Vienna,Austria Trend Parkhotel Sch nbrunn Wien,Hietzinger Hauptstra e 10 14 13 Hietzing 1130 Vienna Austria
Austria,Vienna,BEST WESTERN PLUS Amedia Wien,Landstra er Hauptstra e 155 03 Landstra e 1030 Vienna Austria
Austria,Vienna,Courtyard by Marriott Vienna Prater Messe,Trabrennstra e 4 02 Leopoldstadt 1020 Vienna Austria
Austria,Vienna,Das Opernring Hotel,Opernring 11 01 Innere Stadt 1010 Vienna Austria
Austria,Vienna,Das Triest Hotel,Wiedner Hauptstra e 12 04 Wieden 1040 Vienna Austria
Austria,Vienna,Der Wilhelmshof,Kleine Stadtgutgasse 4 02 Leopoldstadt 1020 Vienna Austria
Austria,Vienna,Exe Vienna,Ottakringer Stra e 34 36 17 Hernals 1170 Vienna Austria
Austria,Vienna,Falkensteiner Hotel Wien Margareten,Margareteng rtel 142 05 Margareten 1050 Vienna Austria
Austria,Vienna,Falkensteiner Hotel Wien Zentrum Schottenfeld,Schottenfeldgasse 74 07 Neubau 1070 Vienna Austria
Austria,Vienna,Fleming s Conference Hotel Wien,Neubaug rtel 26 28 07 Neubau 1070 Vienna Austria
Austria,Vienna,FourSide Hotel Vienna City Center,Grieshofgasse 11 12 Meidling 1120 Vienna Austria
Austria,Vienna,Grand Ferdinand Vienna Your Hotel In The City Center,Schubertring 10 12 01 Innere Stadt 1010 Vienna Austria
Austria,Vienna,Hilton Vienna,Am Stadtpark 1 03 Landstra e 1030 Vienna Austria
Austria,Vienna,Hilton Vienna Danube Waterfront,Handelskai 269 02 Leopoldstadt 1020 Vienna Austria
Austria,Vienna,Hollmann Beletage Design Boutique,K llnerhofgasse 6 01 Innere Stadt 1010 Vienna Austria
Austria,Vienna,Hotel Am Parkring,Parkring 12 01 Innere Stadt 1010 Vienna Austria
Austria,Vienna,Hotel Amadeus,Wildpretmarkt 5 01 Innere Stadt 1010 Vienna Austria
Austria,Vienna,Hotel Ambassador,K rntner Stra e 22 01 Innere Stadt 1010 Vienna Austria
Austria,Vienna,Hotel Beethoven Wien,Papagenogasse 6 06 Mariahilf 1060 Vienna Austria
Austria,Vienna,Hotel Bellevue Wien,Althanstra e 5 09 Alsergrund 1090 Vienna Austria
Austria,Vienna,Hotel Boltzmann,Boltzmanngasse 8 09 Alsergrund 1090 Vienna Austria
Austria,Vienna,Hotel Capricorno,Schwedenplatz 3 4 01 Innere Stadt 1010 Vienna Austria
Austria,Vienna,Hotel Das Tigra,Tiefer Graben 14 20 01 Innere Stadt 1010 Vienna Austria
Austria,Vienna,Hotel Erzherzog Rainer,Wiedner Hauptstr 27 29 04 Wieden 1040 Vienna Austria
Austria,Vienna,Hotel K nig von Ungarn,Schulerstra e 10 01 Innere Stadt 1010 Vienna Austria
Austria,Vienna,Hotel Kaiserin Elisabeth,Weihburggasse 3 01 Innere Stadt 1010 Vienna Austria
Austria,Vienna,Hotel Kavalier,Linzer Stra e 165 14 Penzing 1140 Vienna Austria
Austria,Vienna,Hotel Mailberger Hof,Annagasse 7 01 Innere Stadt 1010 Vienna Austria
Austria,Vienna,Hotel Palais Strudlhof,Pasteurgasse 1 09 Alsergrund 1090 Vienna Austria
Austria,Vienna,Hotel Prinz Eugen,Wiedner G rtel 14 04 Wieden 1040 Vienna Austria
Austria,Vienna,Hotel Regina,Rooseveltplatz 15 09 Alsergrund 1090 Vienna Austria
Austria,Vienna,Hotel Sacher Wien,Philharmoniker Stra e 4 01 Innere Stadt 1010 Vienna Austria
Austria,Vienna,Hotel Sans Souci Wien,Burggasse 2 07 Neubau 1070 Vienna Austria
Austria,Vienna,Hotel Schani Wien,Karl Popper Stra e 22 10 Favoriten 1100 Vienna Austria
Austria,Vienna,Hotel Stefanie,Taborstra e 12 02 Leopoldstadt 1020 Vienna Austria
Austria,Vienna,Hotel Topazz,Lichtensteg 3 01 Innere Stadt 1010 Vienna Austria
Austria,Vienna,Hotel ViennArt am Museumsquartier,Breite Gasse 9 07 Neubau 1070 Vienna Austria
Austria,Vienna,Hotel Vienna,Gro e Stadtgutgasse 31 02 Leopoldstadt 1020 Vienna Austria
Austria,Vienna,Hotel Wandl,Petersplatz 9 01 Innere Stadt 1010 Vienna Austria
Austria,Vienna,Hotel de France Wien,Schottenring 3 01 Innere Stadt 1010 Vienna Austria
Austria,Vienna,Imperial Riding School Renaissance Vienna Hotel,Ungargasse 60 03 Landstra e 1030 Vienna Austria
Austria,Vienna,IntercityHotel Wien,Mariahilfer Stra e 122 Ecke Kaiserstra e 1 3 07 Neubau 1070 Vienna Austria
Austria,Vienna,JUFA Hotel Wien,Mautner Markhof Gasse 50 11 Simmering 1110 Vienna Austria
Austria,Vienna,K K Palais Hotel,Rudolfsplatz 11 01 Innere Stadt 1010 Vienna Austria
Austria,Vienna,Leonardo Hotel Vienna,Matrosengasse 6 8 06 Mariahilf 1060 Vienna Austria
Austria,Vienna,Lindner Hotel Am Belvedere,Rennweg 12 03 Landstra e 1030 Vienna Austria
Austria,Vienna,Melia Vienna,Donau City Stra e 7 22 Donaustadt 1220 Vienna Austria
Austria,Vienna,Mercure Hotel Raphael Wien,Wallgasse 23 06 Mariahilf 1060 Vienna Austria
Austria,Vienna,Mercure Secession Wien,Getreidemarkt 5 06 Mariahilf 1060 Vienna Austria
Austria,Vienna,Mercure Wien Zentrum,Fleischmarkt 1a 01 Innere Stadt 1010 Vienna Austria
Austria,Vienna,NH Collection Wien Zentrum,Mariahilfer Stra e 78 07 Neubau 1070 Vienna Austria
Austria,Vienna,NH Danube City,Wagramer Stra e 21 22 Donaustadt 1220 Vienna Austria
Austria,Vienna,NH Wien Belvedere,Rennweg 12a 03 Landstra e 1030 Vienna Austria
Austria,Vienna,NH Wien City,Mariahilfer Stra e 32 34 07 Neubau 1070 Vienna Austria
Austria,Vienna,Palais Hansen Kempinski Vienna,Schottenring 24 01 Innere Stadt 1010 Vienna Austria
Austria,Vienna,Park Hyatt Vienna,Am Hof 2 01 Innere Stadt 1010 Vienna Austria
Austria,Vienna,Park Inn by Radisson Uno City Vienna,Wagramer Stra e 16 18 22 Donaustadt 1220 Vienna Austria
Austria,Vienna,Pertschy Palais Hotel,Habsburgergasse 5 01 Innere Stadt 1010 Vienna Austria
Austria,Vienna,Radisson Blu Style Hotel Vienna,Herrengasse 12 01 Innere Stadt 1010 Vienna Austria
Austria,Vienna,Schlosshotel R mischer Kaiser,Annagasse 16 01 Innere Stadt 1010 Vienna Austria
Austria,Vienna,Senator Hotel Vienna,Hernalser Hauptstra e 105 17 Hernals 1170 Vienna Austria
Austria,Vienna,Sofitel Vienna Stephansdom,Praterstra e 1 02 Leopoldstadt 1020 Vienna Austria
Austria,Vienna,Steigenberger Hotel Herrenhof,Herrengasse 10 01 Innere Stadt 1010 Vienna Austria
Austria,Vienna,Suite Hotel 900 m zur Oper,Wiedner Hauptstra e 44 04 Wieden 1040 Vienna Austria
Austria,Vienna,The Harmonie Vienna,Harmoniegasse 5 7 09 Alsergrund 1090 Vienna Austria
Austria,Vienna,Vienna Marriott Hotel,Parkring 12a 01 Innere Stadt 1010 Vienna Austria
Austria,Vienna,Vienna Sporthotel,Baumgasse 83 03 Landstra e 1030 Vienna Austria
United Kingdom,London,11 Cadogan Gardens,11 Cadogan Gardens Sloane Square Kensington and Chelsea London SW3 2RJ United Kingdom
United Kingdom,London,45 Park Lane Dorchester Collection,45 Park Lane Westminster Borough London W1K 1PN United Kingdom
United Kingdom,London,88 Studios,88 Holland Road Kensington and Chelsea London W14 8BN United Kingdom
United Kingdom,London,Ace Hotel London Shoreditch,100 Shoreditch High Street Hackney London E1 6JQ United Kingdom
United Kingdom,London,Adria Boutique Hotel,88 Queens Gate Kensington and Chelsea London SW7 5AB United Kingdom
United Kingdom,London,Aloft London Excel,One Eastern Gateway Royal Victoria Dock Newham London E16 1FR United Kingdom
United Kingdom,London,Amba Hotel Charing Cross,The Strand Westminster Borough London WC2N 5HX United Kingdom
United Kingdom,London,Amba Hotel Marble Arch,Bryanston Street Marble Arch Westminster Borough London W1H 7EH United Kingdom
United Kingdom,London,Ambassadors Bloomsbury,12 Upper Woburn Place Camden London WC1H 0HX United Kingdom
United Kingdom,London,Andaz London Liverpool Street,40 Liverpool Street City of London London EC2M 7QN United Kingdom
United Kingdom,London,Apex City Of London Hotel,No 1 Seething Lane City of London London EC3N 4AX United Kingdom
United Kingdom,London,Apex London Wall Hotel,7 9 Copthall Avenue City of London London EC2R 7NJ United Kingdom
United Kingdom,London,Apex Temple Court Hotel,1 2 Serjeant s Inn Fleet Street City of London London EC4Y 1LL United Kingdom
United Kingdom,London,Arbor City,12 Osborn Street Aldgate East Tower Hamlets London E1 6TE United Kingdom
United Kingdom,London,Arbor Hyde Park,36 37 Lancaster Gate Westminster Borough London W2 3NA United Kingdom
United Kingdom,London,Ashburn Hotel,111 Cromwell Road Kensington and Chelsea London SW7 4DP United Kingdom
United Kingdom,London,Avo Hotel,82 Dalston Lane Hackney London E8 3AH United Kingdom
United Kingdom,London,BEST WESTERN Maitrise Hotel Maida Vale,53 59 Kilburn High Road Maida Vale London Camden London NW6 5SB United Kingdom
United Kingdom,London,Baglioni Hotel London The Leading Hotels of the World,60 Hyde Park gate Kensington and Chelsea London SW7 5BB United Kingdom
United Kingdom,London,Batty Langley s,12 Folgate Street City of London London E1 6BX United Kingdom
United Kingdom,London,Bermondsey Square Hotel A Bespoke Hotel,Tower Bridge Road Southwark London SE1 3UN United Kingdom
United Kingdom,London,Best Western Maitrise Hotel Edgware Road,346 348 Edgware Road Westminster Borough London W2 1EA United Kingdom
United Kingdom,London,Best Western Mornington Hotel Hyde Park,12 Lancaster Gate Lancaster Gate Westminster Borough London W2 3LG United Kingdom
United Kingdom,London,Best Western PLUS Epping Forest,Epping Forest 30 Oak Hill London IG8 9NY United Kingdom
United Kingdom,London,Best Western Palm Hotel,64 76 Hendon Way London NW2 2NL United Kingdom
United Kingdom,London,Best Western Plus Seraphine Hammersmith Hotel,84 King Street Hammersmith and Fulham London W6 0QW United Kingdom
United Kingdom,London,Best Western Seraphine Kensington Olympia,225 High Street Kensington Kensington and Chelsea London W8 6SA United Kingdom
United Kingdom,London,Best Western The Boltons Hotel London Kensington,19 21 Penywern Road Kensington and Chelsea London SW5 9TT United Kingdom
United Kingdom,London,Blakemore Hyde Park,30 Leinster Gardens Bayswater Westminster Borough London W2 3AN United Kingdom
United Kingdom,London,Blakes Hotel,33 Roland Gardens Kensington and Chelsea London SW7 3PF United Kingdom
United Kingdom,London,Bloomsbury Palace Hotel,29 31 Gower Street Camden London WC1E 6HG United Kingdom
United Kingdom,London,Britannia International Hotel Canary Wharf,163 Marsh Wall Docklands Tower Hamlets London E14 9SJ United Kingdom
United Kingdom,London,COMO Metropolitan London,Old Park Lane Westminster Borough London W1K 1LB United Kingdom
United Kingdom,London,Caesar Hotel,26 33 Queens Gardens Westminster Borough London W2 3BE United Kingdom
United Kingdom,London,Charlotte Street Hotel,15 17 Charlotte Street Hotel Westminster Borough London W1T 1RJ United Kingdom
United Kingdom,London,Chiswick Rooms,407 Goldhawk Rd Chiswick London W6 0SA United Kingdom
United Kingdom,London,Claridge s,41 43 Brook Street Westminster Borough London W1K 4HJ United Kingdom
United Kingdom,London,Clayton Crown Hotel London,152 Cricklewood Broadway Cricklewood London NW2 3ED United Kingdom
United Kingdom,London,Clayton Hotel Chiswick,626 Chiswick High St Chiswick London W4 5RY United Kingdom
United Kingdom,London,Club Quarters Hotel Gracechurch,7 Gracechurch Street City of London London EC3V 0DR United Kingdom
United Kingdom,London,Club Quarters Hotel Lincoln s Inn Fields,61 Lincoln s Inn Fields Camden London WC2A 3JW United Kingdom
United Kingdom,London,Club Quarters Hotel St Paul s,24 Ludgate Hill City of London London EC4M 7DR United Kingdom
United Kingdom,London,Club Quarters Hotel Trafalgar Square,8 Northumberland Avenue Westminster Borough London WC2N 5BY United Kingdom
United Kingdom,London,Comfort Inn Suites Kings Cross St Pancras,31 33 Argyle Street Camden London WC1H 8EP United Kingdom
United Kingdom,London,Commodore Hotel,50 Lancaster Gate Westminster Borough London W2 3NA United Kingdom
United Kingdom,London,Conrad London St James,22 28 Broadway Westminster Borough London SW1H 0BH United Kingdom
United Kingdom,London,Copthorne Tara Hotel London Kensington,Scarsdale Place Kensington Kensington and Chelsea London W8 5SY United Kingdom
United Kingdom,London,Corus Hotel Hyde Park,Lancaster Gate Westminster Borough London W2 3LG United Kingdom
United Kingdom,London,Courthouse Hotel London,19 21 Gt Marlborough St Westminster Borough London W1F 7HL United Kingdom
United Kingdom,London,Courthouse Hotel Shoreditch,335 337 Old Street Hackney London EC1V 9LL United Kingdom
United Kingdom,London,Covent Garden Hotel,10 Monmouth Street Camden London WC2H 9HB United Kingdom
United Kingdom,London,Crowne Plaza London Battersea,Bridges Court Road Battersea London SW11 3BE United Kingdom
United Kingdom,London,Crowne Plaza London Docklands,Royal Victoria Dock Western Gateway Newham London E16 1AL United Kingdom
United Kingdom,London,Crowne Plaza London Kensington,100 Cromwell Road Kensington and Chelsea London SW7 4ER United Kingdom
United Kingdom,London,Crowne Plaza London Kings Cross,1 Kings Cross Road Islington London WC1X 9HX United Kingdom
United Kingdom,London,Crowne Plaza London The City,19 New Bridge Street City of London London EC4V 6DB United Kingdom
United Kingdom,London,Danubius Hotel Regents Park,18 Lodge Road Near Baker Street And Marylebone Westminster Borough London NW8 7JT United Kingdom
United Kingdom,London,De Vere Devonport House,King William Walk Greenwich London SE10 9JW United Kingdom
United Kingdom,London,Dorsett Shepherds Bush,58 Shepherds Bush Green Hammersmith and Fulham London W12 8QE United Kingdom
United Kingdom,London,DoubleTree By Hilton London Excel,Excel 2 Festoon Way Royal Victoria Dock Newham London E16 1RH United Kingdom
United Kingdom,London,DoubleTree by Hilton Hotel London Marble Arch,4 Bryanston St Marble Arch Westminster Borough London W1H 7BY United Kingdom
United Kingdom,London,DoubleTree by Hilton Hotel London Tower of London,7 Pepys Street City of London London EC3N 4AF United Kingdom
United Kingdom,London,DoubleTree by Hilton London Docklands Riverside,265 Rotherhithe Street Southwark London SE16 5HW United Kingdom
United Kingdom,London,DoubleTree by Hilton London Ealing,2 8 Hanger Lane Ealing Common London W5 3HN United Kingdom
United Kingdom,London,DoubleTree by Hilton London Hyde Park,150 Bayswater Road Kensington and Chelsea London W2 4RT United Kingdom
United Kingdom,London,DoubleTree by Hilton London Islington,60 Pentonville Road Islington London N1 9LA United Kingdom
United Kingdom,London,DoubleTree by Hilton London Victoria,2 Bridge Place Victoria Westminster Borough London SW1V 1QA United Kingdom
United Kingdom,London,DoubleTree by Hilton London West End,92 Southampton Row Camden London WC1B 4BH United Kingdom
United Kingdom,London,DoubleTree by Hilton London Westminster,30 John Islip St Westminster Borough London SW1P 4DD United Kingdom
United Kingdom,London,Doubletree By Hilton London Greenwich,Catherine Grove Greenwich Greenwich London SE10 8BB United Kingdom
United Kingdom,London,Doubletree by Hilton London Kensington,100 Queen s Gate Kensington and Chelsea London SW7 5AG United Kingdom
United Kingdom,London,Durrants Hotel,George Street Westminster Borough London W1H 5BJ United Kingdom
United Kingdom,London,Eccleston Square Hotel,37 Eccleston Square Westminster Borough London SW1V 1PB United Kingdom
United Kingdom,London,Egerton House,17 19 Egerton Terrace Knightsbridge Kensington and Chelsea London SW3 2BX United Kingdom
United Kingdom,London,Fielding Hotel,4 Broad Court Bow Street Covent Garden Westminster Borough London WC2B 5QZ United Kingdom
United Kingdom,London,Fifty Four Boutique Hotel,54 Queens Gate Kensington and Chelsea London SW7 5JW United Kingdom
United Kingdom,London,Flemings Mayfair,Half Moon Street Westminster Borough London W1J 7BH United Kingdom
United Kingdom,London,Gainsborough Hotel,7 11 Queensberry Place Kensington and Chelsea London SW7 2DL United Kingdom
United Kingdom,London,Georgian House Hotel,35 39 St Georges Drive Westminster Borough London SW1V 4DG United Kingdom
United Kingdom,London,Good Hotel London,Western Gateway Newham London E16 1FA United Kingdom
United Kingdom,London,Goodenough Club,23 Mecklenburgh Square Camden London WC1N 2AD United Kingdom
United Kingdom,London,Grand Royale London Hyde Park,1 Inverness Terrace Westminster Borough London W2 3JP United Kingdom
United Kingdom,London,Grange Beauchamp Hotel,24 27 Bedford Place Bloomsbury Camden London WC1B 5JH United Kingdom
United Kingdom,London,Grange City Hotel,Coopers Row City of London London EC3N 2BQ United Kingdom
United Kingdom,London,Grange Clarendon Hotel,34 37 Bedford Place Bloomsbury Camden London WC1B 5JR United Kingdom
United Kingdom,London,Grange Fitzrovia Hotel,20 28 Bolsover Street Westminster Borough London W1W 5NB United Kingdom
United Kingdom,London,Grange Holborn Hotel,Southampton Row Bloomsbury Camden London WC1B 4AR United Kingdom
United Kingdom,London,Grange Langham Court Hotel,31 35 Langham Street Westminster Borough London W1W 6BU United Kingdom
United Kingdom,London,Grange Rochester Hotel,69 Vincent Square Westminster Borough London SW1P 2PA United Kingdom
United Kingdom,London,Grange St Paul s Hotel,10 Godliman Street City of London London EC4V 5AJ United Kingdom
United Kingdom,London,Grange Strathmore Hotel,41 Queens Gate Gardens Kensington and Chelsea London SW7 5NB United Kingdom
United Kingdom,London,Grange Tower Bridge Hotel,45 Prescot Street City of London London E1 8GP United Kingdom
United Kingdom,London,Grange Wellington Hotel,71 Vincent Square Westminster Borough London SW1P 2PA United Kingdom
United Kingdom,London,Grange White Hall Hotel,2 5 Montague Street Bloomsbury Camden London WC1B 5BU United Kingdom
United Kingdom,London,Great Northern Hotel A Tribute Portfolio Hotel London,King s Cross St Pancras International Station Pancras Road Camden London N1C 4TB United Kingdom
United Kingdom,London,Great St Helen Hotel,36 Great st Helens City of London London EC3A 6AP United Kingdom
United Kingdom,London,Grosvenor House A JW Marriott Hotel,Park Lane Westminster Borough London W1K 7TN United Kingdom
United Kingdom,London,H10 London Waterloo,284 To 302 Waterloo Road Southwark London SE1 8RQ United Kingdom
United Kingdom,London,Haymarket Hotel,1 Suffolk Place Westminster Borough London SW1Y 4HX United Kingdom
United Kingdom,London,Hazlitt s,6 Frith Street Soho Westminster Borough London W1D 3JA United Kingdom
United Kingdom,London,Henley House Hotel,30 Barkston Gardens Kensington and Chelsea London SW5 0EN United Kingdom
United Kingdom,London,Henry VIII,23 Leinster Gardens Westminster Borough London W2 3AN United Kingdom
United Kingdom,London,Hilton London Angel Islington,53 Upper Street Islington London N1 0UY United Kingdom
United Kingdom,London,Hilton London Bankside,2 8 Great Suffolk Street Southwark London SE1 0UG United Kingdom
United Kingdom,London,Hilton London Canary Wharf,South Quay Marsh Wall Tower Hamlets London E14 9SH United Kingdom
United Kingdom,London,Hilton London Euston,17 18 Upper Woburn Place Camden London WC1H 0HT United Kingdom
United Kingdom,London,Hilton London Green Park,Half Moon Street Westminster Borough London W1J 7BN United Kingdom
United Kingdom,London,Hilton London Hyde Park,129 Bayswater Road London W2 4RJ United Kingdom
United Kingdom,London,Hilton London Kensington Hotel,Holland Park Avenue Kensington and Chelsea London W11 4UL United Kingdom
United Kingdom,London,Hilton London Metropole,225 Edgware Road Westminster Borough London W2 1JU United Kingdom
United Kingdom,London,Hilton London Olympia,380 Kensington High Street Kensington and Chelsea London W14 8NL United Kingdom
United Kingdom,London,Hilton London Paddington,146 Praed Street Westminster Borough London W2 1EE United Kingdom
United Kingdom,London,Hilton London Tower Bridge,5 More London Place Tooley Street Southwark London SE1 2BY United Kingdom
United Kingdom,London,Hilton London Wembley,Lakeside Way Brent London HA9 0BU United Kingdom
United Kingdom,London,Holiday Inn London Bloomsbury,Coram Street Camden London WC1N 1HT United Kingdom
United Kingdom,London,Holiday Inn London Brent Cross,Tilling Road London NW2 1LP United Kingdom
United Kingdom,London,Holiday Inn London Camden Lock,30 Jamestown Road Camden London NW1 7BY United Kingdom
United Kingdom,London,Holiday Inn London Kensington,Wrights Lane Kensington and Chelsea London W8 5SP United Kingdom
United Kingdom,London,Holiday Inn London Kensington Forum,97 Cromwell Road Kensington and Chelsea London SW7 4DN United Kingdom
United Kingdom,London,Holiday Inn London Mayfair,3 Berkeley Street Westminster Borough London W1J 8NE United Kingdom
United Kingdom,London,Holiday Inn London Oxford Circus,57 59 Welbeck Street Westminster Borough London W1G 9BL United Kingdom
United Kingdom,London,Holiday Inn London Regent s Park,Carburton Street Westminster Borough London W1W 5EE United Kingdom
United Kingdom,London,Holiday Inn London Stratford City,10a Chestnut Plaza Westfield Stratford City Olympic Park Newham London E20 1GL United Kingdom
United Kingdom,London,Holiday Inn London Wembley,Empire Way Wembley Brent London HA9 8DS United Kingdom
United Kingdom,London,Holiday Inn London West,4 Portal Way Gypsy Corner A40 London W3 6RT United Kingdom
United Kingdom,London,Holiday Inn London Whitechapel,5 Cavell Street Tower Hamlets London E1 2BP United Kingdom
United Kingdom,London,Hotel 55,Hanger Lane Ealing London W5 3HL United Kingdom
United Kingdom,London,Hotel 82 London,82 Gloucester Place Westminster Borough London W1U 6HN United Kingdom
United Kingdom,London,Hotel Cafe Royal,68 Regent Street West End Mayfair Westminster Borough London W1B 4DY United Kingdom
United Kingdom,London,Hotel Cavendish,75 Gower Street Camden London WC1E 6HJ United Kingdom
United Kingdom,London,Hotel Indigo London Kensington,34 44 Barkston Gardens Kensington and Chelsea London SW5 0EW United Kingdom
United Kingdom,London,Hotel Indigo London Paddington,16 London Street Paddington Westminster Borough London W2 1HL United Kingdom
United Kingdom,London,Hotel Indigo London Tower Hill,142 Minories City of London London EC3N 1LS United Kingdom
United Kingdom,London,Hotel La Place,17 Nottingham Place Westminster Borough London W1U 5LG United Kingdom
United Kingdom,London,Hotel Moonlight,9 Knaresborough Place Kensington and Chelsea London SW5 0TP United Kingdom
United Kingdom,London,Hotel Xanadu,26 42 Bond Street Ealing London W5 5AA United Kingdom
United Kingdom,London,Hotel Xenia Autograph Collection,160 Cromwell Road Kensington Kensington and Chelsea London SW5 0TL United Kingdom
United Kingdom,London,Hotel du Vin Cannizaro House Wimbledon,Westside Wimbledon Common Wimbledon London SW19 4UE United Kingdom
United Kingdom,London,Hyatt Regency London The Churchill,30 Portman Square Westminster Borough London W1H 7BH United Kingdom
United Kingdom,London,Innkeeper s Lodge London Greenwich,291 Greenwich High Road Greenwich Greenwich London SE10 8NA United Kingdom
United Kingdom,London,InterContinental London Park Lane,1 Hamilton Place Park Lane Westminster Borough London W1J 7QY United Kingdom
United Kingdom,London,Intercontinental London The O2,1 Waterview Drive Greenwich London SE10 0TW United Kingdom
United Kingdom,London,Jumeirah Carlton Tower,Cadogan Place Kensington and Chelsea London SW1X 9PY United Kingdom
United Kingdom,London,Jumeirah Lowndes Hotel,Lowndes Street Kensington and Chelsea London SW1X 9ES United Kingdom
United Kingdom,London,K K Hotel George,1 15 Templeton Place Earl s Court Kensington and Chelsea London SW5 9NB United Kingdom
United Kingdom,London,K West Hotel Spa,Richmond Way Hammersmith and Fulham London W14 0AX United Kingdom
United Kingdom,London,Karma Sanctum Soho Hotel,20 Warwick Street Westminster Borough London W1B 5NF United Kingdom
United Kingdom,London,Kensington House Hotel,15 16 Prince Of Wales Terrace Kensington and Chelsea London W8 5PQ United Kingdom
United Kingdom,London,Kingsway Hall Hotel,66 Great Queen Street Covent Garden Camden London WC2B 5BX United Kingdom
United Kingdom,London,Knightsbridge Hotel,10 Beaufort Gardens Kensington and Chelsea London SW3 1PT United Kingdom
United Kingdom,London,Lancaster London,Lancaster Terrace Westminster Borough London W2 2TY United Kingdom
United Kingdom,London,Landmark London,222 Marylebone Road Westminster Borough London NW1 6JQ United Kingdom
United Kingdom,London,Le Meridien Piccadilly,21 Piccadilly Westminster Borough London W1J 0BH United Kingdom
United Kingdom,London,London City Suites,42 46 Chiswell Street City of London London EC1Y 4SB United Kingdom
United Kingdom,London,London Elizabeth Hotel,Lancaster Terrace Hyde Park Westminster Borough London W2 3PF United Kingdom
United Kingdom,London,London Hilton on Park Lane,22 Park Lane Westminster Borough London W1K 1BE United Kingdom
United Kingdom,London,London Marriott Hotel Grosvenor Square,Grosvenor Square Westminster Borough London W1K 6JP United Kingdom
United Kingdom,London,London Marriott Hotel Kensington,147 Cromwell Road Kensington and Chelsea London SW5 0TH United Kingdom
United Kingdom,London,London Marriott Hotel Marble Arch,134 George Street Westminster Borough London W1H 5DN United Kingdom
United Kingdom,London,London Marriott Hotel Park Lane,140 Park Lane Westminster Borough London W1K 7AA United Kingdom
United Kingdom,London,London Marriott Hotel Regents Park,128 King Henry s Road Camden London NW3 3ST United Kingdom
United Kingdom,London,London Marriott Hotel West India Quay,22 Hertsmere Road Tower Hamlets London E14 4ED United Kingdom
United Kingdom,London,London Marriott Maida Vale,Plaza Parade Camden London NW6 5RP United Kingdom
United Kingdom,London,M by Montcalm Shoreditch London Tech City,151 157 City Road Shoreditch Islington London EC1V 1JS United Kingdom
United Kingdom,London,ME London by Melia,336 337 Strand London Westminster Borough London WC2R 1HA United Kingdom
United Kingdom,London,Malmaison London,18 21 Charterhouse Square Islington London EC1M 6AH United Kingdom
United Kingdom,London,Mandarin Oriental Hyde Park London,66 Knightsbridge Westminster Borough London SW1X 7LA United Kingdom
United Kingdom,London,Marlin Waterloo,111 Westminster Bridge Road Lambeth London SE1 7JD United Kingdom
United Kingdom,London,Mayflower Hotel Apartments,26 28 Trebovir Rd Kensington and Chelsea London SW5 9NJ United Kingdom
United Kingdom,London,Megaro Hotel,Belgrove Street Camden London WC1H 8AB United Kingdom
United Kingdom,London,Melia White House Hotel,Albany Street London NW1 3UP United Kingdom
United Kingdom,London,Mercure London Bloomsbury Hotel,130 134 Southampton Row Camden London WC1B 5AF United Kingdom
United Kingdom,London,Mercure London Bridge,71 79 Southwark Street Southwark London SE1 0JA United Kingdom
United Kingdom,London,Mercure London Hyde Park,8 14 Talbot Sq Paddington Westminster Borough London W2 1TS United Kingdom
United Kingdom,London,Mercure London Kensington Hotel,1a Lexham Gardens Kensington and Chelsea London W8 5JJ United Kingdom
United Kingdom,London,Mercure London Paddington Hotel,144 Praed St Paddington Westminster Borough London W2 1HU United Kingdom
United Kingdom,London,Millennium Copthorne Hotels at Chelsea Football Club,Fulham Road Stamford Bridge Hammersmith and Fulham London SW6 1HS United Kingdom
United Kingdom,London,Millennium Gloucester Hotel London,4 18 Harrington Gardens Kensington and Chelsea London SW7 4LH United Kingdom
United Kingdom,London,Millennium Hotel London Knightsbridge,17 25 Sloane Street Knightsbridge Kensington and Chelsea London SW1X 9NU United Kingdom
United Kingdom,London,Millennium Hotel London Mayfair,44 Grosvenor Square Westminster Borough London W1K 2HP United Kingdom
United Kingdom,London,Mimi s Hotel Soho,56 57 Frith Street Westminster Borough London W1D 3JG United Kingdom
United Kingdom,London,Mondrian London,20 Upper Ground Southwark London SE1 9PD United Kingdom
United Kingdom,London,Montagu Place Hotel,2 Montagu Place Westminster Borough London W1H 2ER United Kingdom
United Kingdom,London,Montcalm Royal London House City of London,22 25 Finsbury Square City Islington London EC2A 1DX United Kingdom
United Kingdom,London,My Bloomsbury,11 13 Bayley Street Bedford Square Camden London WC1B 3HD United Kingdom
United Kingdom,London,My Chelsea,35 Ixworth Place Kensington and Chelsea London SW3 3QX United Kingdom
United Kingdom,London,NH London Kensington,202 220 Cromwell Road Kensington and Chelsea London SW5 0SW United Kingdom
United Kingdom,London,New Linden Hotel,59 Leinster Square Kensington and Chelsea London W2 4PS United Kingdom
United Kingdom,London,Norfolk Towers Paddington,34 Norfolk Place Paddington Westminster Borough London W2 1QW United Kingdom
United Kingdom,London,Nottingham Place Hotel,37 Nottingham Place Westminster Borough London W1U 5LT United Kingdom
United Kingdom,London,Novotel London Blackfriars,46 Blackfriars Road Southwark London SE1 8NZ United Kingdom
United Kingdom,London,Novotel London Canary Wharf,40 Marsh Wall Tower Hamlets London E14 9TP United Kingdom
United Kingdom,London,Novotel London City South,53 61 Southwark Bridge Road Southwark London SE1 9HH United Kingdom
United Kingdom,London,Novotel London Excel,7 Western Gateway Royal Victoria Dock Newham London E16 1AA United Kingdom
United Kingdom,London,Novotel London Greenwich,173 185 Greenwich High Rd Greenwich London SE10 8JA United Kingdom
United Kingdom,London,Novotel London Paddington,3 Kingdom Street Sheldon Square Westminster Borough London W2 6BD United Kingdom
United Kingdom,London,Novotel London Tower Bridge,10 Pepys Street City of London London EC3N 2NR United Kingdom
United Kingdom,London,Novotel London Waterloo,113 Lambeth Rd Lambeth London SE1 7LS United Kingdom
United Kingdom,London,Novotel London Wembley,5 Olympic Way Wembley Brent London HA9 0NP United Kingdom
United Kingdom,London,Novotel London West,1 Shortlands Hammersmith and Fulham London W6 8DR United Kingdom
United Kingdom,London,Number Sixteen,16 Sumner Place Kensington and Chelsea London SW7 3EG United Kingdom
United Kingdom,London,Old Ship Inn Hackney,2 Sylvester Path Hackney London E8 1EN United Kingdom
United Kingdom,London,One Aldwych,1 Aldwych Westminster Borough London WC2B 4BZ United Kingdom
United Kingdom,London,Paddington Court Executive Rooms,3 Devonshire Terrace Westminster Borough London W2 3DN United Kingdom
United Kingdom,London,Park Avenue Baker Street,173 Gloucester Place Westminster Borough London NW1 6DX United Kingdom
United Kingdom,London,Park Grand London Hyde Park,78 82 Westbourne Terrace Westminster Borough London W2 6QA United Kingdom
United Kingdom,London,Park Grand London Kensington,33 37 Hogarth Road Kensington and Chelsea London SW5 0QQ United Kingdom
United Kingdom,London,Park Grand London Lancaster Gate,14 16 Craven Hill Lancaster Gate Westminster Borough London W2 3DU United Kingdom
United Kingdom,London,Park Grand Paddington Court,27 Devonshire Terrace Westminster Borough London W2 3DP United Kingdom
United Kingdom,London,Park International Hotel,117 129 Cromwell Road Kensington and Chelsea London SW7 4DS United Kingdom
United Kingdom,London,Park Lane Mews Hotel,2 Stanhope Row Park Lane Westminster Borough London W1J 7BS United Kingdom
United Kingdom,London,Park Plaza County Hall London,1 Addington Street Lambeth London SE1 7RY United Kingdom
United Kingdom,London,Park Plaza London Riverbank,18 Albert Embankment Lambeth London SE1 7TJ United Kingdom
United Kingdom,London,Park Plaza London Waterloo,6 Hercules Road Lambeth London SE1 7DP United Kingdom
United Kingdom,London,Park Plaza Sherlock Holmes London,108 Baker Street Westminster Borough London W1U 6LJ United Kingdom
United Kingdom,London,Park Plaza Victoria London,239 Vauxhall Bridge Road Westminster Borough London SW1V 1EQ United Kingdom
United Kingdom,London,Park Plaza Westminster Bridge London,Westminster Bridge Road Lambeth London SE1 7UT United Kingdom
United Kingdom,London,Pestana Chelsea Bridge Hotel Spa,354 Queenstown Road Battersea London SW8 4AE United Kingdom
United Kingdom,London,Portobello House,225 Ladbroke Grove Kensington and Chelsea London W10 6HQ United Kingdom
United Kingdom,London,Pullman London St Pancras,100 110 Euston Road Camden London NW1 2AJ United Kingdom
United Kingdom,London,Radisson Blu Edwardian Berkshire,350 Oxford Street Westminster Borough London W1C 1BY United Kingdom
United Kingdom,London,Radisson Blu Edwardian Bloomsbury Street,9 13 Bloomsbury Street Nr Covent Garden Camden London WC1B 3QD United Kingdom
United Kingdom,London,Radisson Blu Edwardian Grafton,130 Tottenham Court Road Camden London W1T 5AY United Kingdom
United Kingdom,London,Radisson Blu Edwardian Hampshire,31 36 Leicester Square Westminster Borough London WC2H 7LH United Kingdom
United Kingdom,London,Radisson Blu Edwardian Kenilworth,97 Great Russell Street Bloomsbury Camden London WC1B 3LB United Kingdom
United Kingdom,London,Radisson Blu Edwardian Mercer Street,20 Mercer Street Covent Garden Camden London WC2H 9HD United Kingdom
United Kingdom,London,Radisson Blu Edwardian New Providence Wharf,5 Fairmont Avenue Canary Wharf Tower Hamlets London E14 9JB United Kingdom
United Kingdom,London,Radisson Blu Edwardian Sussex,19 25 Granville Place Marble Arch Westminster Borough London W1H 6PA United Kingdom
United Kingdom,London,Radisson Blu Edwardian Vanderbilt,68 86 Cromwell Road Kensington Kensington and Chelsea London SW7 5BT United Kingdom
United Kingdom,London,Radisson Blu Portman Hotel London,22 Portman Square Westminster Borough London W1H 7BG United Kingdom
United Kingdom,London,Rafayel Hotel Spa,34 Lombard Road Battersea London SW11 3RF United Kingdom
United Kingdom,London,Rathbone,30 Rathbone Street West End Westminster Borough London W1T 1LB United Kingdom
United Kingdom,London,Rocco Forte Brown s Hotel,33 Albemarle Street Mayfair Westminster Borough London W1S 4BP United Kingdom
United Kingdom,London,Rosewood London,252 High Holborn Holborn Camden London WC1V 7EN United Kingdom
United Kingdom,London,Royal Garden Hotel,2 24 Kensington High St Kensington and Chelsea London W8 4PT United Kingdom
United Kingdom,London,Rubens At The Palace,39 Buckingham Palace Road Westminster Borough London SW1W 0PS United Kingdom
United Kingdom,London,Rydges Kensington Hotel,61 Gloucester Road Kensington and Chelsea London SW7 4PE United Kingdom
United Kingdom,London,Saint Georges Hotel,14 15 Langham Place Westminster Borough London W1B 2QS United Kingdom
United Kingdom,London,San Domenico House,29 31 Draycott Place Kensington and Chelsea London SW3 2SH United Kingdom
United Kingdom,London,Sanderson A Morgans Hotel,50 Berners Street Westminster Borough London W1T 3NG United Kingdom
United Kingdom,London,Seraphine Kensington Gardens Hotel,7 9 High Street Kensington Kensington and Chelsea London W8 5NP United Kingdom
United Kingdom,London,Shaftesbury Hyde Park International,52 56 Inverness Terrace Westminster Borough London W2 3LB United Kingdom
United Kingdom,London,Shaftesbury Metropolis London Hyde Park,78 84 Sussex Gardens Westminster Borough London W2 1UH United Kingdom
United Kingdom,London,Shaftesbury Premier London Paddington,55 61 Westbourne Terrace Westminster Borough London W2 3UY United Kingdom
United Kingdom,London,Shaftesbury Suites London Marble Arch,41 Great Cumberland Place Westminster Borough London W1H 7LG United Kingdom
United Kingdom,London,Shangri La Hotel at The Shard London,31 St Thomas Street Southwark London SE1 9QU United Kingdom
United Kingdom,London,Shepherd s Bush Boutique Hotel,11 12 Poplar Mews Shepherd s Bush Hammersmith and Fulham London W12 7JS United Kingdom
United Kingdom,London,Sofitel London St James,6 Waterloo Place Westminster Borough London SW1Y 4AN United Kingdom
United Kingdom,London,South Place Hotel,3 South Place City of London London EC2M 2AF United Kingdom
United Kingdom,London,St Ermin s Hotel Autograph Collection,2 Caxton Street Westminster Borough London SW1H 0QW United Kingdom
United Kingdom,London,St George Hotel,49 Gloucester Place Marble Arch Westminster Borough London W1U 8JE United Kingdom
United Kingdom,London,St George s Hotel Wembley,43 51 Wembley Hill Road Brent London HA9 8AU United Kingdom
United Kingdom,London,St James Court A Taj Hotel London,41 54 Buckingham Gate Westminster Borough London SW1E 6AF United Kingdom
United Kingdom,London,St James Hotel Club Mayfair,7 8 Park Place Westminster Borough London SW1A 1LP United Kingdom
United Kingdom,London,St Martins Lane A Morgans Original,45 St Martin s Lane Westminster Borough London WC2N 4HX United Kingdom
United Kingdom,London,St Pancras Renaissance Hotel London,Euston Road Camden London NW1 2AR United Kingdom
United Kingdom,London,St Paul s Hotel,153 Hammersmith Road Hammersmith and Fulham London W14 0QL United Kingdom
United Kingdom,London,Staunton Hotel B B,13 15 Gower Street Camden London WC1E 6HE United Kingdom
United Kingdom,London,Staybridge Suites London Stratford,10b Chestnut Plaza Westfield Stratford City Olympic Park Newham London E20 1GL United Kingdom
United Kingdom,London,Staybridge Suites London Vauxhall,100 Vauxhall Walk Lambeth London SE11 5AL United Kingdom
United Kingdom,London,Strand Palace Hotel,372 Strand Westminster Borough London WC2R 0JJ United Kingdom
United Kingdom,London,Sydney House Chelsea,9 11 Sydney Street Kensington and Chelsea London SW3 6PU United Kingdom
United Kingdom,London,Ten Manchester Street Hotel,8 12 Manchester Street Westminster Borough London W1U 4DG United Kingdom
United Kingdom,London,The Abbey Court Notting Hill,20 Pembridge Gardens Kensington and Chelsea London W2 4DU United Kingdom
United Kingdom,London,The Academy,21 Gower Street Camden London WC1E 6HG United Kingdom
United Kingdom,London,The Ampersand Hotel,10 Harrington Road Kensington and Chelsea London SW7 3ER United Kingdom
United Kingdom,London,The Arch London,50 Great Cumberland Place Westminster Borough London W1H 7FD United Kingdom
United Kingdom,London,The Athenaeum,116 Piccadilly Westminster Borough London W1J 7BJ United Kingdom
United Kingdom,London,The Bailey s Hotel London,140 Gloucester Road Kensington and Chelsea London SW7 4QH United Kingdom
United Kingdom,London,The Beaumont Hotel,8 Balderton Street Brown Hart Gardens Westminster Borough London W1K 6TF United Kingdom
United Kingdom,London,The Belgrave Hotel,80 86 Belgrave Road Westminster Borough London SW1V 2BJ United Kingdom
United Kingdom,London,The Bloomsbury Hotel,16 22 Great Russell Street Camden London WC1B 3NN United Kingdom
United Kingdom,London,The Bryson Hotel,124 Clerkenwell Rd Camden London EC1R 5DJ United Kingdom
United Kingdom,London,The Capital,Basil Street Knightsbridge Kensington and Chelsea London SW3 1AT United Kingdom
United Kingdom,London,The Cavendish London,81 Jermyn Street Westminster Borough London SW1Y 6JF United Kingdom
United Kingdom,London,The Chamberlain,130 135 Minories City of London London EC3N 1NU United Kingdom
United Kingdom,London,The Chelsea Harbour Hotel,Chelsea Harbour Hammersmith and Fulham London SW10 0XG United Kingdom
United Kingdom,London,The Chesterfield Mayfair,35 Charles Street Mayfair Westminster Borough London W1J 5EB United Kingdom
United Kingdom,London,The Cleveland,39 40 Cleveland Square Westminster Borough London W2 6DA United Kingdom
United Kingdom,London,The Colonnade,2 Warrington Crescent Westminster Borough London W9 1ER United Kingdom
United Kingdom,London,The Cranley Hotel,10 Bina Gardens South Kensington Kensington and Chelsea London SW5 0LA United Kingdom
United Kingdom,London,The Cumberland A Guoman Hotel,Great Cumberland Place Westminster Borough London W1H 7DL United Kingdom
United Kingdom,London,The Dorchester Dorchester Collection,53 Park Lane Westminster Borough London W1K 1QA United Kingdom
United Kingdom,London,The Drayton Court Hotel,2 The Avenue Ealing London W13 8PH United Kingdom
United Kingdom,London,The Exhibitionist Hotel,8 10 Queensberry Place Kensington and Chelsea London SW7 2EA United Kingdom
United Kingdom,London,The Gore Hotel Starhotels Collezione,190 Queen s Gate Kensington and Chelsea London SW7 5EX United Kingdom
United Kingdom,London,The Goring,15 Beeston Place Westminster Borough London SW1W 0JW United Kingdom
United Kingdom,London,The Grand at Trafalgar Square,8 Northumberland Avenue Westminster Borough London WC2N 5BY United Kingdom
United Kingdom,London,The Grosvenor,101 Buckingham Palace Road Westminster Borough London SW1W 0SJ United Kingdom
United Kingdom,London,The Hari London,20 Chesham Place Kensington and Chelsea London SW1X 8HQ United Kingdom
United Kingdom,London,The Hoxton Holborn,199 206 High Holborn Camden London WC1V 7BD United Kingdom
United Kingdom,London,The Hoxton Shoreditch,81 Great Eastern Street Islington London EC2A 3HU United Kingdom
United Kingdom,London,The Justin James Hotel,43 Worple Road Wimbledon London SW19 4JZ United Kingdom
United Kingdom,London,The Kensington Hotel,109 113 Queen s Gate Kensington and Chelsea London SW7 5LR United Kingdom
United Kingdom,London,The Lanesborough,Hyde Park Corner Westminster Borough London SW1X 7TA United Kingdom
United Kingdom,London,The Langham London,Portland Place Westminster Borough London W1B 1JA United Kingdom
United Kingdom,London,The Laslett,8 Pembridge Garden Kensington and Chelsea London W2 4DU United Kingdom
United Kingdom,London,The Leonard Hotel,15 Seymour Street Westminster Borough London W1H 7JW United Kingdom
United Kingdom,London,The Lodge Hotel Putney,52 54 Upper Richmond Road Wandsworth London SW15 2RN United Kingdom
United Kingdom,London,The London EDITION,10 Berners Street Westminster Borough London W1T 3NP United Kingdom
United Kingdom,London,The Mandeville Hotel,Mandeville Place Westminster Borough London W1U 2BE United Kingdom
United Kingdom,London,The Marble Arch London,31 Great Cumberland Place Westminster Borough London W1H 7TA United Kingdom
United Kingdom,London,The Marylebone Hotel,47 Welbeck Street Westminster Borough London W1G 8DN United Kingdom
United Kingdom,London,The May Fair Hotel,Stratton Street Mayfair Westminster Borough London W1J 8LT United Kingdom
United Kingdom,London,The Montague On The Gardens,15 Montague St Bloomsbury Camden London WC1B 5BJ United Kingdom
United Kingdom,London,The Montcalm At Brewery London City,52 Chiswell Street City of London London EC1Y 4SD United Kingdom
United Kingdom,London,The Montcalm Marble Arch,2 Wallenberg Place Westminster Borough London W1H 7TN United Kingdom
United Kingdom,London,The Nadler Kensington,25 Courtfield Gardens Kensington and Chelsea London SW5 0PG United Kingdom
United Kingdom,London,The Nadler Soho,10 Carlisle Street Westminster Borough London W1D 3BR United Kingdom
United Kingdom,London,The Nadler Victoria,10 Palace Place Westminster Borough London SW1E 5BW United Kingdom
United Kingdom,London,The Park City Grand Plaza Kensington Hotel,18 30 Lexham Gardens Kensington and Chelsea London W8 5JE United Kingdom
United Kingdom,London,The Park Grand London Paddington,1 3 Queens Garden Westminster Borough London W2 3BA United Kingdom
United Kingdom,London,The Park Tower Knightsbridge a Luxury Collection Hotel,101 Knightsbridge Westminster Borough London SW1X 7RN United Kingdom
United Kingdom,London,The Pelham Starhotels Collezione,15 Cromwell Place Kensington and Chelsea London SW7 2LA United Kingdom
United Kingdom,London,The Piccadilly London West End,65 73 Shaftesbury Avenue Westminster Borough London W1D 6EX United Kingdom
United Kingdom,London,The Pillar Hotel,19 Brent Street Brent Cross London NW4 2EU United Kingdom
United Kingdom,London,The Portobello Hotel,22 Stanley Gardens Kensington and Chelsea London W11 2NG United Kingdom
United Kingdom,London,The Premier Notting Hill,5 7 Princes Square Kensington and Chelsea London W2 4NP United Kingdom
United Kingdom,London,The Principal London,1 8 Russell Square Camden London WC1B 5BE United Kingdom
United Kingdom,London,The Queens Gate Hotel,31 34 Queen s Gate Kensington and Chelsea London SW7 5JA United Kingdom
United Kingdom,London,The RE London Shoreditch,419 437 Hackney Road London E2 8PP United Kingdom
United Kingdom,London,The Rembrandt,11 Thurloe Place Knightsbridge Kensington and Chelsea London SW7 2RS United Kingdom
United Kingdom,London,The Ritz London,150 Piccadilly Westminster Borough London W1J 9BR United Kingdom
United Kingdom,London,The Rockwell,181 Cromwell Road Kensington and Chelsea London SW5 0SF United Kingdom
United Kingdom,London,The Rookery,Peters Lane Cowcross Street Islington London EC1M 6DS United Kingdom
United Kingdom,London,The Royal Horseguards,2 Whitehall Court Westminster Borough London SW1A 2EJ United Kingdom
United Kingdom,London,The Savoy,Strand Westminster Borough London WC2R 0EU United Kingdom
United Kingdom,London,The Soho Hotel,4 Richmond Mews Westminster Borough London W1D 3DH United Kingdom
United Kingdom,London,The Stafford London,St James s Place Westminster Borough London SW1A 1NJ United Kingdom
United Kingdom,London,The Sumner Hotel,54 Upper Berkeley Street Westminster Borough London W1H 7QR United Kingdom
United Kingdom,London,The Tophams Hotel,28 Ebury Street Westminster Borough London SW1W 0LU United Kingdom
United Kingdom,London,The Tower A Guoman Hotel,St Katherines Way Tower Hamlets London E1W 1LD United Kingdom
United Kingdom,London,The Trafalgar Hilton,2 Spring Gardens Trafalgar Square Westminster Borough London SW1A 2TS United Kingdom
United Kingdom,London,The Victoria,10 West Temple Sheen London SW14 7RT United Kingdom
United Kingdom,London,The Waldorf Hilton,Aldwych Westminster Borough London WC2B 4DD United Kingdom
United Kingdom,London,The Wellesley Knightsbridge a Luxury Collection Hotel London,11 Knightsbridge Westminster Borough London SW1X 7LY United Kingdom
United Kingdom,London,The Westbridge Hotel,335 337 High Street Stratford Newham London E15 2TF United Kingdom
United Kingdom,London,The Westbury A Luxury Collection Hotel Mayfair London,Bond Street Mayfair Westminster Borough London W1S 2YF United Kingdom
United Kingdom,London,The Whitechapel,49 53 New Road Tower Hamlets London E1 1HH United Kingdom
United Kingdom,London,The Zetter Hotel,86 88 Clerkenwell Road Islington London EC1M 5RJ United Kingdom
United Kingdom,London,The Zetter Townhouse Marylebone,28 30 Seymour Street Westminster Borough London W1H 7JB United Kingdom
United Kingdom,London,TheWesley,81 103 Euston Street Camden London NW1 2EZ United Kingdom
United Kingdom,London,Thistle Euston,Cardington Street Euston Camden London NW1 2LP United Kingdom
United Kingdom,London,Thistle Holborn The Kingsley,Bloomsbury Way Camden London WC1A 2SD United Kingdom
United Kingdom,London,Thistle Kensington Gardens,104 Bayswater Rd Westminster Borough London W2 3HL United Kingdom
United Kingdom,London,Thistle Trafalgar Square The Royal Trafalgar,Whitcomb Street Trafalgar Square Westminster Borough London WC2H 7HG United Kingdom
United Kingdom,London,Threadneedles Autograph Collection,5 Threadneedle Street City of London London EC2R 8AY United Kingdom
United Kingdom,London,Twenty Nevern Square Hotel,20 Nevern Square Kensington and Chelsea London SW5 9PD United Kingdom
United Kingdom,London,W London Leicester Square,10 Wardour Street Leicester Square Westminster Borough London W1D 6QF United Kingdom
United Kingdom,London,W12 Rooms,54 Uxbridge Road Shepherds Bush Hammersmith and Fulham London W12 8LP United Kingdom
United Kingdom,London,Washington Mayfair Hotel,5 Curzon St Westminster Borough London W1J 5HL United Kingdom
United Kingdom,London,Windermere Hotel,142 To 144 Warwick Way Victoria Westminster Borough London SW1V 4JE United Kingdom
United Kingdom,London,citizenM London Bankside,20 Lavington Street Southwark London SE1 0NZ United Kingdom
United Kingdom,London,citizenM London Shoreditch,6 Holywell Lane Hackney London EC2A 3ET United Kingdom
United Kingdom,London,citizenM Tower of London,40 trinity square City of London London EC3N 4DJ United Kingdom
United Kingdom,London,every hotel Piccadilly,39 Coventry Street Westminster Borough London W1D 6BZ United Kingdom
